Registry Number,Image,Owner,Registered on ARPG?
0001,https://orig00.deviantart.net/b728/f/2016/133/d/f/0001_by_pacadex-da2cagx.png,toripng,No
0002,https://orig00.deviantart.net/ae73/f/2016/133/4/c/0002_by_pacadex-da2cagq.png,Pacapillars,No
0003,https://orig00.deviantart.net/90c2/f/2016/133/4/5/0003_by_pacadex-da2cagf.png,ass-goblin,No
0004,https://orig00.deviantart.net/d4b5/f/2016/133/a/1/0004_by_pacadex-da2caga.png,sushianon,No
0005,https://orig00.deviantart.net/8b71/f/2016/133/6/a/0005_by_pacadex-da2cag5.png,Keikonk,No
0007,https://orig00.deviantart.net/9fa2/f/2016/133/6/d/0007_by_pacadex-da2cafu.png,kitopia,No
0008,https://orig00.deviantart.net/252e/f/2016/133/f/a/0008_by_pacadex-da2cafm.png,SiriusFlux,No
0009,https://orig00.deviantart.net/340b/f/2016/133/9/7/0009_by_pacadex-da2cafb.png,omateki,No
0010,https://orig00.deviantart.net/6eae/f/2016/133/f/4/0010_by_pacadex-da2caf6.png,metaphilia,No
0011,https://orig00.deviantart.net/4b0b/f/2016/133/d/0/0011_by_pacadex-da2caez.png,SmallSpiritGraphics,No
0012,https://orig00.deviantart.net/8b1b/f/2016/133/3/8/0012_by_pacadex-da2caeq.png,Alymori,No
0013,https://orig00.deviantart.net/3763/f/2016/133/9/5/0013_by_pacadex-da2caeg.png,onigiryStuff,No
0014,https://orig00.deviantart.net/0d6f/f/2016/133/4/d/0014_by_pacadex-da2cae8.png,Skelefrog,No
0015,https://orig00.deviantart.net/83dc/f/2016/133/1/e/0015_by_pacadex-da2cae4.png,Abandon3dRain,No
0016,https://orig00.deviantart.net/3884/f/2016/133/c/f/0016_by_pacadex-da2cadw.png,Nomakai,No
0017,https://orig00.deviantart.net/8270/f/2016/133/3/4/0017_by_pacadex-da2cads.png,TheWyvernAndTheFox,No
0018,https://orig00.deviantart.net/f754/f/2016/133/3/5/0018_by_pacadex-da2cadm.png,MewMew151,No
0019,https://orig00.deviantart.net/c11b/f/2016/133/2/f/0019_by_pacadex-da2cadb.png,PandaLabyrinth,No
0020,https://orig00.deviantart.net/e97f/f/2016/133/d/3/0020_by_pacadex-da2cad6.png,LlamaButtons,No
0021,https://orig00.deviantart.net/52ce/f/2016/133/6/2/0021_by_pacadex-da2cacw.png,Skelefrog,No
0022,https://orig00.deviantart.net/2ee4/f/2016/133/6/9/0022_by_pacadex-da2cacq.png,soarielle,No
0023,https://orig00.deviantart.net/3bc1/f/2016/133/4/3/0023_by_pacadex-da2caci.png,Tomato-IceCream,No
0024,https://orig00.deviantart.net/051a/f/2016/133/0/0/0024_by_pacadex-da2cac7.png,onigiryStuff,No
0025,https://orig00.deviantart.net/efc4/f/2016/133/e/a/0025_by_pacadex-da2cac3.png,LoveViolently,No
0026,https://orig00.deviantart.net/0efc/f/2016/133/2/f/0026_by_pacadex-da2cabu.png,UndyingKite,No
0027,https://orig00.deviantart.net/92f7/f/2016/133/a/f/0027_by_pacadex-da2cabp.png,starfreckles,No
0028,https://orig00.deviantart.net/fe4e/f/2016/133/1/1/0028_by_pacadex-da2cabj.png,WanNyan,No
0029,https://orig00.deviantart.net/8a93/f/2016/133/5/b/0029_by_pacadex-da2cab9.png,guqqi,No
0030,https://orig00.deviantart.net/f97e/f/2016/133/c/6/0030_by_pacadex-da2cab5.png,pyrmappege,No
0031,https://orig00.deviantart.net/e650/f/2016/133/8/b/0031_by_pacadex-da2caaw.png,puppysmooch,No
0032,https://orig00.deviantart.net/cba3/f/2016/133/3/4/0032_by_pacadex-da2caap.png,SmallSpiritGraphics,No
0033,https://orig00.deviantart.net/5ae9/f/2016/133/8/3/0033_by_pacadex-da2e90f.png,Redliondog ,No
0034,https://orig00.deviantart.net/8065/f/2016/133/b/7/0034_by_pacadex-da2e90d.png,jellygirldesigns,No
0035,https://orig00.deviantart.net/88c7/f/2016/133/a/2/0035_by_pacadex-da2e908.png,MantiisShrimp,No
0036,https://orig00.deviantart.net/9988/f/2016/133/d/8/0036_by_pacadex-da2e903.png,Wolfni,No
0037,https://orig00.deviantart.net/2c40/f/2016/133/6/5/0037_by_pacadex-da2e8zw.png,Nokkelborth,No
0038,https://orig00.deviantart.net/155e/f/2016/133/e/5/0038_by_pacadex-da2e8zj.png,SinnerHokori,No
0039,https://orig00.deviantart.net/312e/f/2016/133/4/e/0039_by_pacadex-da2e8zb.png,Glaciaru,No
0040,https://orig00.deviantart.net/2084/f/2016/133/a/0/0040_by_pacadex-da2e8z2.png,sushianon,No
0041,https://orig00.deviantart.net/d060/f/2016/133/7/0/0041_by_pacadex-da2e8z0.png,SkylarkKai,No
0042,https://orig00.deviantart.net/f911/f/2016/133/2/9/0042_by_pacadex-da2e8yt.png,SourDreamer,No
0043,https://orig00.deviantart.net/e309/f/2016/133/f/6/0043_by_pacadex-da2e8yl.png,Nilwing,No
0044,https://orig00.deviantart.net/f8d7/f/2016/133/1/0/0044_by_pacadex-da2e8yg.png,SlayersStronghold,No
0045,https://orig00.deviantart.net/d603/f/2016/133/2/c/0045_by_pacadex-da2e8yb.png,Cynical-Bee,No
0046,https://orig00.deviantart.net/e613/f/2016/133/5/9/0046_by_pacadex-da2e8y5.png,LlamaButtons,No
0047,https://orig00.deviantart.net/4cd1/f/2016/133/b/e/0047_by_pacadex-da2e8xy.png,Lizsi,No
0048,https://orig00.deviantart.net/b2b6/f/2016/133/5/9/0048_by_pacadex-da2e8xt.png,KrowKills,No
0049,https://orig00.deviantart.net/eef6/f/2016/133/3/b/0049_by_pacadex-da2e8xp.png,manaberry,No
0050,https://orig00.deviantart.net/dc82/f/2016/133/0/d/0050_by_pacadex-da2e8xg.png,Bowtiewashere,No
0051,https://orig00.deviantart.net/90a2/f/2016/133/1/4/0051_by_pacadex-da2e8x8.png,synicals,No
0052,https://orig00.deviantart.net/68c2/f/2016/133/c/8/0052_by_pacadex-da2e8x0.png,SinnerHokori,No
0053,https://orig00.deviantart.net/3bc9/f/2016/133/6/4/0053_by_pacadex-da2e8wt.png,Skelefrog,No
0054,https://orig00.deviantart.net/8dee/f/2016/133/1/6/0054_by_pacadex-da2e8wn.png,catlinq,No
0055,https://orig00.deviantart.net/dcc1/f/2016/133/0/0/0055_by_pacadex-da2e8wk.png,Mersiefloof,No
0056,https://orig00.deviantart.net/5829/f/2016/133/3/7/0056_by_pacadex-da2e8wc.png,chartermark,No
0057,https://orig00.deviantart.net/8294/f/2016/133/c/2/0057_by_pacadex-da2e8w3.png,TheWyvernAndTheFox,No
0058,https://orig00.deviantart.net/50ad/f/2016/133/3/d/0058_by_pacadex-da2e8vz.png,cristais,No
0059,https://orig00.deviantart.net/8fde/f/2016/133/c/b/0059_by_pacadex-da2e8vw.png,Sakairi-chan,No
0060,https://orig00.deviantart.net/e9d1/f/2016/133/3/d/0060_by_pacadex-da2e8vm.png,LlamaButtons,No
0061,https://orig00.deviantart.net/877d/f/2016/133/e/4/0061_by_pacadex-da2e8vi.png,SinnerHokori,No
0062,https://orig00.deviantart.net/ee69/f/2016/133/8/a/0062_by_pacadex-da2e8vf.png,forestcheetoDA,No
0063,https://orig00.deviantart.net/a42e/f/2016/133/1/6/0063_by_pacadex-da2e8v8.png,HavocGirl,No
0064,https://orig00.deviantart.net/852c/f/2016/133/6/e/0064_by_pacadex-da2e8v4.png,Nokkelborth,No
0065,https://orig00.deviantart.net/9915/f/2016/133/0/6/0065_by_pacadex-da2eazz.png,chartermark,No
0066,https://orig00.deviantart.net/dfb6/f/2016/133/f/1/0066_by_pacadex-da2eazv.png,Sakairi-chan,No
0067,https://orig00.deviantart.net/f9c3/f/2016/163/a/d/0067_by_pacadex-da2eazn.png,Lexxiethefish,No
0068,https://orig00.deviantart.net/b5ba/f/2016/163/c/5/0068_by_pacadex-da2eazf.png,Cat-Mum,No
0069,https://orig00.deviantart.net/09b6/f/2016/163/d/4/0069_by_pacadex-da2eaz9.png,Onirini,No
0070,https://orig00.deviantart.net/5518/f/2016/163/2/e/0070_by_pacadex-da2eaz7.png,SinnerHokori,No
0071,https://orig00.deviantart.net/01dd/f/2016/133/d/7/0071_by_pacadex-da2eaz1.png,BrightHeaven,No
0072,https://orig00.deviantart.net/c20f/f/2016/133/3/4/0072_by_pacadex-da2eayv.png,chartermark,No
0073,https://orig00.deviantart.net/b728/f/2016/133/3/1/0073_by_pacadex-da2eayo.png,Glaciaru,No
0074,https://orig00.deviantart.net/cddd/f/2016/133/d/7/0074_by_pacadex-da2eayk.png,ARSONlST,No
0075,https://orig00.deviantart.net/8f40/f/2016/133/c/4/0075_by_pacadex-da2eayd.png,Meroviathan,No
0076,https://orig00.deviantart.net/7e76/f/2016/133/8/d/0076_by_pacadex-da2eay8.png,Lexxiethefish,No
0077,https://orig00.deviantart.net/7c02/f/2016/133/b/7/0077_by_pacadex-da2eay1.png,BoredMai,No
0078,https://orig00.deviantart.net/b6ac/f/2016/133/9/6/0078_by_pacadex-da2eaxx.png,watercoior,No
0079,https://orig00.deviantart.net/7600/f/2016/133/a/1/0079_by_pacadex-da2eaxs.png,Zagittorch,No
0080,https://orig00.deviantart.net/f5e1/f/2016/133/8/f/0080_by_pacadex-da2eaxk.png,infinipede,No
0081,https://orig00.deviantart.net/21ed/f/2016/133/8/1/0081_by_pacadex-da2eaxc.png,iRosefeather,No
0082,https://orig00.deviantart.net/9b15/f/2016/133/f/3/0082_by_pacadex-da2eax9.png,gutjuice,No
0083,https://orig00.deviantart.net/e28f/f/2016/133/b/d/0083_by_pacadex-da2eax4.png,squidmum,No
0084,https://orig00.deviantart.net/f62e/f/2016/133/4/8/0084_by_pacadex-da2eawx.png,toripng,No
0085,https://orig00.deviantart.net/0d1f/f/2016/133/5/3/0085_by_pacadex-da2eaws.png,blueberrygoblin,No
0086,https://orig00.deviantart.net/fc7a/f/2016/133/0/5/0086_by_pacadex-da2eawj.png,LlamaButtons,No
0087,https://orig00.deviantart.net/f710/f/2016/133/1/0/0087_by_pacadex-da2eaw6.png,SinnerHokori,No
0088,https://img00.deviantart.net/6ea9/i/2017/230/b/7/0088_by_pacadex-da2eavz.png,mild-otaku,No
0089,https://orig00.deviantart.net/91da/f/2016/133/4/1/0089_by_pacadex-da2eavs.png,SourDreamer,No
0090,https://orig00.deviantart.net/4a80/f/2016/133/d/f/0090_by_pacadex-da2eavh.png,CloverCoin,No
0091,https://orig00.deviantart.net/f7e8/f/2016/133/4/6/0091_by_pacadex-da2eavf.png,SkylarkKai,No
0092,https://orig00.deviantart.net/61ea/f/2016/133/c/9/0092_by_pacadex-da2eav9.png,Pacapillars,No
0093,https://orig00.deviantart.net/51dc/f/2016/133/3/6/0093_by_pacadex-da2eaul.png,MintAnnComics,No
0094,https://orig00.deviantart.net/ace2/f/2016/133/e/4/0094_by_pacadex-da2eav5.png,Mocha-Miel,No
0095,https://orig00.deviantart.net/f335/f/2016/133/d/1/0095_by_pacadex-da2eauz.png,EricaPebbles,No
0096,https://orig00.deviantart.net/3235/f/2016/133/e/f/0096_by_pacadex-da2eaus.png,Kuumone,No
0097,https://orig00.deviantart.net/c255/f/2016/133/b/6/0097_by_pacadex-da2e9rn.png,TheWyvernAndTheFox,No
0098,https://orig00.deviantart.net/51bb/f/2016/133/1/e/0098_by_pacadex-da2ebee.png,Alymori,No
0099,https://orig00.deviantart.net/a4a2/f/2016/133/7/8/0099_by_pacadex-da2ebea.png,LameAssSoap,No
0100,https://orig00.deviantart.net/4807/f/2016/133/f/e/0100_by_pacadex-da2ebe0.png,mild-otaku,No
0101,https://orig00.deviantart.net/b2d5/f/2016/133/7/0/0101_by_pacadex-da2e9qy.png,BaraTomato,No
0102,https://orig00.deviantart.net/f988/f/2016/133/2/8/0102_by_pacadex-da2e9qt.png,SinnerHokori,No
0103,https://orig00.deviantart.net/b67b/f/2016/133/d/6/0103_by_pacadex-da2e9qo.png,Windup-Trousle,No
0104,https://orig00.deviantart.net/5874/f/2016/133/8/1/0104_by_pacadex-da2e9qn.png,inkdragon13,No
0105,https://orig00.deviantart.net/263d/f/2016/133/a/8/0105_by_pacadex-da2e9qj.png,pyrmappege,No
0106,https://orig00.deviantart.net/8873/f/2016/133/b/9/0106_by_pacadex-da2e9qe.png,SinnerHokori,No
0107,https://orig00.deviantart.net/46a1/f/2016/133/6/5/0107_by_pacadex-da2e9qb.png,LlamaButtons,No
0108,https://orig00.deviantart.net/42a6/f/2016/133/0/b/0108_by_pacadex-da2e9q3.png,fzzi,No
0109,https://orig00.deviantart.net/964c/f/2016/133/6/6/0109_by_pacadex-da2e9pu.png,SaImonRoll,No
0110,https://orig00.deviantart.net/cc89/f/2016/133/9/a/0110_by_pacadex-da2e9pq.png,PachiiPanda,No
0111,https://orig00.deviantart.net/e659/f/2016/133/6/8/0111_by_pacadex-da2e9pm.png,HombreOveja,No
0112,https://orig00.deviantart.net/db26/f/2016/133/3/5/0112_by_pacadex-da2e9pk.png,Viidoll,No
0113,https://orig00.deviantart.net/2fed/f/2016/133/e/b/0113_by_pacadex-da2e9ph.png,Ferngirl,No
0114,https://orig00.deviantart.net/f7ae/f/2017/200/b/6/0114_by_pacadex-da2e9pd.png,CloverCoin,No
0115,https://orig00.deviantart.net/affb/f/2016/133/3/e/0115_by_pacadex-da2e9pb.png,SableNight112,No
0116,https://orig00.deviantart.net/b709/f/2016/133/b/5/0116_by_pacadex-da2e9p7.png,RageHuntara,No
0117,https://orig00.deviantart.net/3f8d/f/2016/133/c/6/0117_by_pacadex-da2e9p1.png,Mersiefloof,No
0118,https://orig00.deviantart.net/ad4b/f/2016/133/9/5/0118_by_pacadex-da2e9ox.png,RezzDino,No
0119,https://orig00.deviantart.net/97d2/f/2016/133/b/7/0119_by_pacadex-da2e9ot.png,ErroneousAlyssa,No
0120,https://orig00.deviantart.net/c37c/f/2016/133/e/5/0120_by_pacadex-da2e9os.png,Alymori,No
0121,https://orig00.deviantart.net/e534/f/2016/133/1/1/0121_by_pacadex-da2e9oq.png,SourDreamer,No
0122,https://orig00.deviantart.net/7e19/f/2016/133/c/a/0122_by_pacadex-da2e9ok.png,Birbfeathers,No
0123,https://orig00.deviantart.net/b159/f/2016/133/7/d/0123_by_pacadex-da2e9od.png,Alpiku,No
0124,https://orig00.deviantart.net/ca25/f/2016/133/b/0/0124_by_pacadex-da2e9o7.png,cosmic-liquids,No
0125,https://orig00.deviantart.net/850d/f/2016/133/b/7/0125_by_pacadex-da2e9o3.png,ModernBeatnik,No
0126,https://orig00.deviantart.net/6c97/f/2016/133/d/c/0126_by_pacadex-da2e9nr.png,THETARDISIDRIS,No
0127,https://orig00.deviantart.net/0e90/f/2016/133/8/c/0127_by_pacadex-da2e9no.png,d215lab,No
0128,https://orig00.deviantart.net/9a91/f/2016/133/b/b/0128_by_pacadex-da2e9nm.png,SP01CE,No
0129,https://orig00.deviantart.net/851b/f/2016/133/c/7/0129_by_pacadex-da2eb5w.png,KatWynn,No
0130,https://orig00.deviantart.net/4521/f/2016/133/a/0/0130_by_pacadex-da2eb5r.png,Makcake,No
0131,https://orig00.deviantart.net/c530/f/2016/133/6/a/0131_by_pacadex-da2eb5k.png,BaraTomato,No
0132,https://orig00.deviantart.net/5010/f/2016/133/b/a/0132_by_pacadex-da2eb5g.png,Raesins,No
0133,https://orig00.deviantart.net/3685/f/2016/133/a/e/0133_by_pacadex-da2eb57.png,AsariShiN,No
0134,https://orig00.deviantart.net/4690/f/2016/133/c/1/0134_by_pacadex-da2eb54.png,ARSONlST,No
0135,https://orig00.deviantart.net/cbbf/f/2016/133/4/3/0135_by_pacadex-da2eb50.png,ARSONlST,No
0136,https://orig00.deviantart.net/89c4/f/2016/133/3/2/0136_by_pacadex-da2eb4s.png,SkylarkKai,No
0137,https://orig00.deviantart.net/8454/f/2016/133/8/3/0137_by_pacadex-da2eb4k.png,MewMew151,No
0138,https://orig00.deviantart.net/ba69/f/2016/133/e/8/0138_by_pacadex-da2eb4e.png,DekuDeer,No
0139,https://orig00.deviantart.net/1055/f/2016/133/0/f/0139_by_pacadex-da2eb4b.png,Alfonshots,No
0140,https://orig00.deviantart.net/040d/f/2016/133/c/e/0140_by_pacadex-da2eb46.png,Nokkelborth,No
0141,https://orig00.deviantart.net/5404/f/2016/133/4/a/0141_by_pacadex-da2ebcb.png,SalamiPants,No
0142,https://orig00.deviantart.net/b681/f/2016/133/4/0/0142_by_pacadex-da2eb3y.png,Okamorei,No
0143,https://orig00.deviantart.net/c1e8/f/2016/133/4/1/0143_by_pacadex-da2eb3s.png,Devioushornswoggle,No
0144,https://orig00.deviantart.net/c349/f/2016/133/f/7/0144_by_pacadex-da2eb3j.png,AbbadonAnt,No
0145,https://orig00.deviantart.net/e56d/f/2016/133/c/c/0145_by_pacadex-da2eb3c.png,MewMew151,No
0146,https://orig00.deviantart.net/96e0/f/2016/133/7/e/0146_by_pacadex-da2eb37.png,DARCl,No
0147,https://orig00.deviantart.net/876b/f/2016/133/8/a/0147_by_pacadex-da2eb2w.png,WolfyCade,No
0148,https://orig00.deviantart.net/112b/f/2016/133/6/d/0148_by_pacadex-da2eb2p.png,Xerneasxx,No
0149,https://orig00.deviantart.net/9ba4/f/2016/133/a/9/0149_by_pacadex-da2eb2j.png,Itrashtom,No
0150,https://orig00.deviantart.net/3e87/f/2016/133/2/e/0150_by_pacadex-da2eb26.png,Koisicle,No
0151,https://orig00.deviantart.net/91d0/f/2016/133/2/9/0151_by_pacadex-da2eb21.png,Cynical-Bee,No
0152,https://orig00.deviantart.net/639a/f/2016/133/7/2/0153_by_pacadex-da2eb1n.png,ARSONlST,No
0153,https://orig00.deviantart.net/b4bf/f/2016/133/1/d/0152_by_pacadex-da2eb1s.png,NachtKatzchen,No
0154,https://orig00.deviantart.net/1e9f/f/2016/133/6/3/0154_by_pacadex-da2eb1j.png,LlamaButtons,No
0155,https://orig00.deviantart.net/0fe8/f/2016/133/2/e/0155_by_pacadex-da2eb1b.png,Viidoll,No
0156,https://orig00.deviantart.net/b2c1/f/2016/133/1/c/0156_by_pacadex-da2eb11.png,CordialCrow,No
0157,https://orig00.deviantart.net/e707/f/2016/133/8/2/0157_by_pacadex-da2eb0u.png,Alfonshots,No
0158,https://orig00.deviantart.net/9697/f/2016/133/8/6/0158_by_pacadex-da2eb0h.png,joaniek,No
0159,https://orig00.deviantart.net/f817/f/2016/133/d/c/0159_by_pacadex-da2eb0d.png,toboe5tails,No
0160,https://orig00.deviantart.net/eca1/f/2016/133/5/e/0160_by_pacadex-da2eb04.png,sosiqui,No
0161,https://orig00.deviantart.net/0597/f/2016/133/2/1/0161_by_pacadex-da2ebc3.png,TouchOfSeaSalt,No
0162,https://orig00.deviantart.net/61fc/f/2016/133/4/e/0162_by_pacadex-da2ebbx.png,pairoe,No
0163,https://orig00.deviantart.net/961e/f/2016/133/8/a/0163_by_pacadex-da2ebbr.png,d215lab,No
0164,https://orig00.deviantart.net/714a/f/2016/133/c/f/0164_by_pacadex-da2ebbm.png,Black-Spandex,No
0165,https://orig00.deviantart.net/b20b/f/2016/133/3/c/0165_by_pacadex-da2ebbh.png,gatorsbite,No
0166,https://orig00.deviantart.net/d53c/f/2016/133/9/c/0166_by_pacadex-da2ebbe.png,DuboisCicatrix,No
0167,https://orig00.deviantart.net/a8af/f/2016/133/2/5/0167_by_pacadex-da2ebb6.png,Sakairi-chan,No
0168,https://orig00.deviantart.net/dc03/f/2016/133/d/8/0168_by_pacadex-da2ebaw.png,ModernBeatnik,No
0169,https://orig00.deviantart.net/29a6/f/2016/133/1/7/0169_by_pacadex-da2ebap.png,sosiqui,No
0170,https://orig00.deviantart.net/4e44/f/2016/133/0/4/0170_by_pacadex-da2ebaj.png,VernFeathers,No
0171,https://orig00.deviantart.net/cf88/f/2017/051/d/9/0171_by_pacadex-da2ebad.png,BaraTomato,No
0172,https://orig00.deviantart.net/1190/f/2016/133/a/f/0172_by_pacadex-da2eba1.png,ModernBeatnik,No
0173,https://orig00.deviantart.net/999c/f/2016/133/d/3/0173_by_pacadex-da2eb9s.png,flightlesscupid,No
0174,https://orig00.deviantart.net/297f/f/2016/133/7/9/0174_by_pacadex-da2eb9d.png,SinnerHokori,No
0175,https://orig00.deviantart.net/08de/f/2016/133/2/7/0175_by_pacadex-da2eb9k.png,pyrmappege,No
0176,https://orig00.deviantart.net/ba1e/f/2016/133/5/b/0176_by_pacadex-da2eb8y.png,Alymori,No
0177,https://orig00.deviantart.net/796f/f/2016/133/0/5/0177_by_pacadex-da2eb96.png,WolfyCade,No
0178,https://orig00.deviantart.net/bba3/f/2017/193/c/0/0178_by_pacadex-da2eb8j.png,WolfyCade,No
0179,https://orig00.deviantart.net/556e/f/2016/133/4/f/0179_by_pacadex-da2eb8q.png,mild-otaku,No
0180,https://orig00.deviantart.net/fb22/f/2016/133/3/9/0180_by_pacadex-da2eb8c.png,LuckyKitzy,No
0181,https://orig00.deviantart.net/1e4d/f/2016/133/8/3/0181_by_pacadex-da2eb88.png,SinnerHokori,No
0182,https://orig00.deviantart.net/a94f/f/2016/133/e/8/0182_by_pacadex-da2eb81.png,WolfyCade,No
0183,https://orig00.deviantart.net/28d5/f/2016/133/8/c/0183_by_pacadex-da2eb7u.png,WolfyCade,No
0184,https://orig00.deviantart.net/98c1/f/2016/133/8/f/0184_by_pacadex-da2eb7p.png,jellygirldesigns,No
0185,https://orig00.deviantart.net/9268/f/2016/133/2/0/0185_by_pacadex-da2eb7j.png,ErroneousAlyssa,No
0186,https://orig00.deviantart.net/99b4/f/2016/133/4/2/0186_by_pacadex-da2eb7c.png,master-deus,No
0187,https://orig00.deviantart.net/ef74/f/2016/133/7/1/0187_by_pacadex-da2eb77.png,MewMew151,No
0188,https://orig00.deviantart.net/6687/f/2016/133/c/1/0188_by_pacadex-da2eb6y.png,SinnerHokori,No
0189,https://orig00.deviantart.net/6947/f/2016/133/0/8/0189_by_pacadex-da2eb6t.png,curdledmeat,No
0190,https://orig00.deviantart.net/c71a/f/2016/133/6/7/0190_by_pacadex-da2eb6m.png,Cheepster,No
0191,https://orig00.deviantart.net/400f/f/2016/133/f/8/0191_by_pacadex-da2eb6g.png,SourDreamer,No
0192,https://orig00.deviantart.net/a3cd/f/2016/133/e/a/0192_by_pacadex-da2eb6d.png,MeetTheGhost,No
0193,https://orig00.deviantart.net/fa07/f/2016/133/c/7/0193_by_pacadex-da2eb6a.png,Vontoko,No
0194,https://orig00.deviantart.net/73c6/f/2016/133/a/5/0194_by_pacadex-da2eb65.png,LlamaButtons,No
0195,https://orig00.deviantart.net/6e61/f/2016/133/9/4/0195_by_pacadex-da2eb62.png,blushbun,No
0196,https://orig00.deviantart.net/e6a8/f/2016/133/a/8/0196_by_pacadex-da2ebf7.png,LlamaButtons,No
0197,https://orig00.deviantart.net/0a2a/f/2016/133/7/c/0197_by_pacadex-da2ebf0.png,LlamaButtons,No
0198,https://orig00.deviantart.net/a798/f/2016/133/1/2/0198_by_pacadex-da2ebeu.png,Aberleigh,No
0199,https://orig00.deviantart.net/8481/f/2016/133/3/5/0199_by_pacadex-da2ebeq.png,keychainkay,No
0200,https://orig00.deviantart.net/de0a/f/2016/133/7/0/0200_by_pacadex-da2ebem.png,saltinesmores,No
0201,https://orig00.deviantart.net/fec5/f/2016/133/3/d/0201_by_pacadex-da2ebdt.png,SinnerHokori,No
0202,https://orig00.deviantart.net/8155/f/2016/133/6/9/0202_by_pacadex-da2ebdj.png,ToxicPinku,No
0203,https://orig00.deviantart.net/7775/f/2017/158/0/1/0203_by_pacadex-da2ebdc.png,CloverCoin,No
0204,https://orig00.deviantart.net/a61a/f/2016/133/d/7/0204_by_pacadex-da2ebd3.png,cristais,No
0205,https://orig00.deviantart.net/e849/f/2016/133/5/a/0205_by_pacadex-da2ebcz.png,Meroviathan,No
0206,https://orig00.deviantart.net/77d2/f/2016/133/9/1/0206_by_pacadex-da2ebct.png,SushiLion,No
0207,https://orig00.deviantart.net/952a/f/2016/133/3/e/0207_by_pacadex-da2ebcp.png,onigiryStuff,No
0208,https://orig00.deviantart.net/f45b/f/2016/133/7/b/0208_by_pacadex-da2ebch.png,Alymori,No
0209,https://orig00.deviantart.net/1848/f/2017/044/f/6/0209_by_pacadex-da36ys5.png,WolfyCade,No
0210,https://orig00.deviantart.net/5b11/f/2016/140/f/d/0210_by_pacadex-da36ysi.png,SourDreamer,No
0211,https://orig00.deviantart.net/9a05/f/2016/140/0/b/0211_by_pacadex-da36yt1.png,MewMew151,No
0212,https://orig00.deviantart.net/20b9/f/2016/140/4/1/0212_by_pacadex-da36ytf.png,toripng,No
0213,https://orig00.deviantart.net/80e7/f/2016/140/1/8/0213_by_pacadex-da36ytx.png,occultic,No
0214,https://orig00.deviantart.net/a4f5/f/2016/140/0/b/0214_by_pacadex-da36yu6.png,mild-otaku,No
0215,https://orig00.deviantart.net/bdc9/f/2016/140/d/2/0215_by_pacadex-da36yuq.png,Little-Miss-Pastel,No
0216,https://orig00.deviantart.net/d780/f/2016/140/f/9/0216_by_pacadex-da36yuv.png,Mersiefloof,No
0217,https://orig00.deviantart.net/3bb6/f/2016/177/3/a/0217_by_pacadex-da7sezi.png,Gelidwolf,No
0218,https://orig00.deviantart.net/e2d2/f/2016/177/b/d/0218_by_pacadex-da7seza.png,SinnerHokori,No
0219,https://orig00.deviantart.net/9dd8/f/2016/177/4/9/0219_by_pacadex-da7sez6.png,Lewis-Pepper,No
0220,https://orig00.deviantart.net/9f47/f/2016/177/d/b/0220_by_pacadex-da7seyz.png,100LesbianAsses,No
0221,https://orig00.deviantart.net/4fa5/f/2016/177/3/7/0221_by_pacadex-da7seyu.png,l0wlife,No
0222,https://orig00.deviantart.net/10b5/f/2016/177/3/f/0222_by_pacadex-da7seym.png,Sakairi-chan,No
0223,https://orig00.deviantart.net/4caa/f/2016/177/9/d/0223_by_pacadex-da7seze.png,WolfyCade,No
0224,https://orig00.deviantart.net/63c5/f/2016/177/6/8/0224_by_pacadex-da7seyk.png,Wolf-princess26,No
0225,https://orig00.deviantart.net/5db6/f/2016/177/7/5/0225_by_pacadex-da7seyg.png,chartermark,No
0226,https://orig00.deviantart.net/cd1d/f/2016/177/1/7/0226_by_pacadex-da7seyb.png,SinnerHokori,No
0227,https://orig00.deviantart.net/77ad/f/2016/177/b/c/0227_by_pacadex-da7sey8.png,Alymori,No
0228,https://orig00.deviantart.net/8739/f/2016/177/c/d/0228_by_pacadex-da7sey1.png,Nokkelborth,No
0229,https://orig00.deviantart.net/9ddb/f/2016/177/2/4/0229_by_pacadex-da7sexz.png,SinnerHokori,No
0230,https://orig00.deviantart.net/8aeb/f/2016/177/4/1/0230_by_pacadex-da7sexu.png,Supersonicepic,No
0231,https://orig00.deviantart.net/9260/f/2016/179/d/1/0231_by_pacadex-da80hdc.png,UnoleSpirit,No
0232,https://orig00.deviantart.net/19ed/f/2016/179/4/3/0232_by_pacadex-da80hd8.png,DreadSpecialist,No
0233,https://orig00.deviantart.net/4249/f/2016/179/a/c/0233_by_pacadex-da80hd3.png,ChubbyBethaco,No
0234,https://orig00.deviantart.net/33a4/f/2016/179/e/6/0234_by_pacadex-da80hd1.png,AlphaSugarStorm,No
0235,https://orig00.deviantart.net/d754/f/2016/179/f/8/0235_by_pacadex-da80hcv.png,xXGrinsekatze,No
0236,https://orig00.deviantart.net/757e/f/2016/179/4/8/0236_by_pacadex-da80hch.png,strawbvrry,No
0237,https://orig00.deviantart.net/fead/f/2016/179/0/f/0237_by_pacadex-da80hcc.png,occultic,No
0238,https://orig00.deviantart.net/8a14/f/2016/179/9/4/0238_by_pacadex-da80hc6.png,toboe5tails,No
0239,https://orig00.deviantart.net/f85a/f/2016/179/e/b/0239_by_pacadex-da80hc3.png,LordMarlon,No
0240,https://orig00.deviantart.net/df74/f/2016/179/c/e/0240_by_pacadex-da80hbw.png,Nilwing,No
0241,https://orig00.deviantart.net/7df3/f/2016/179/3/f/0241_by_pacadex-da80hbr.png,teylaemmagan,No
0242,https://orig00.deviantart.net/afe2/f/2016/179/7/5/0242_by_pacadex-da80hbj.png,ferocitus,No
0243,https://orig00.deviantart.net/af76/f/2016/179/b/8/0243_by_pacadex-da80hbd.png,rangifer-tarandus,No
0244,https://orig00.deviantart.net/45ef/f/2016/179/3/7/0244_by_pacadex-da80hba.png,Lei-Leiurus,No
0245,https://orig00.deviantart.net/eeb0/f/2016/179/8/0/0245_by_pacadex-da80hb8.png,Littlebird,No
0246,https://orig00.deviantart.net/ecd4/f/2016/179/4/3/0246_by_pacadex-da80hb6.png,susling,No
0247,https://orig00.deviantart.net/8b38/f/2016/179/3/4/0247_by_pacadex-da80hax.png,SkylarkKai,No
0248,https://orig00.deviantart.net/9409/f/2016/179/b/4/0248_by_pacadex-da80has.png,MrGremble,No
0249,https://orig00.deviantart.net/b8ac/f/2016/179/1/9/0249_by_pacadex-da80hap.png,ClericCrow,No
0250,https://orig00.deviantart.net/abcd/f/2016/179/1/4/0250_by_pacadex-da80han.png,yue-gui,No
0251,https://orig00.deviantart.net/ed42/f/2016/181/f/8/0251_by_pacadex-da87mvu.png,Alfonshots,No
0252,https://orig00.deviantart.net/be4c/f/2016/181/2/2/0252_by_pacadex-da87n83.png,LlamaButtons,No
0253,https://orig00.deviantart.net/52b7/f/2016/220/4/e/0253_by_pacadex-dad5d7w.png,StellarVaNex,No
0254,https://orig00.deviantart.net/fc11/f/2016/220/2/4/0254_by_pacadex-dad5d7m.png,ARSONlST,No
0255,https://orig00.deviantart.net/2a0d/f/2016/220/6/4/0255_by_pacadex-dad5d7c.png,MewMew151,No
0256,https://orig00.deviantart.net/9bfe/f/2016/220/c/3/0256_by_pacadex-dad5d72.png,Mersiefloof,No
0257,https://orig00.deviantart.net/80a9/f/2016/220/4/8/0257_by_pacadex-dad5d6v.png,Nokkelborth,No
0258,https://orig00.deviantart.net/86d1/f/2016/220/f/f/0258_by_pacadex-dad5d6p.png,SourDreamer,No
0259,https://orig00.deviantart.net/6060/f/2016/220/8/5/0259_by_pacadex-dad5d6j.png,TheWyvernAndTheFox,No
0260,https://orig00.deviantart.net/ab8f/f/2016/220/7/e/0260_by_pacadex-dad5d6c.png,MeetTheGhost,No
0261,https://orig00.deviantart.net/65a7/f/2016/220/d/0/0261_by_pacadex-dad5d67.png,BoxHeadRave,No
0262,https://orig00.deviantart.net/63b4/f/2016/220/4/2/0262_by_pacadex-dad5d5x.png,mild-otaku,No
0263,https://orig00.deviantart.net/3ae6/f/2016/220/6/0/0263_by_pacadex-dad5d5u.png,codesii,No
0264,https://orig00.deviantart.net/9cb4/f/2016/220/6/b/0264_by_pacadex-dad5d5q.png,LlamaButtons,No
0265,https://orig00.deviantart.net/8fa3/f/2016/220/6/d/0265_by_pacadex-dad5f4d.png,Alfonshots,No
0266,https://orig00.deviantart.net/a676/f/2016/220/b/b/0266_by_pacadex-dad5f48.png,Zagittorch,No
0267,https://orig00.deviantart.net/7809/f/2016/220/1/b/0267_by_pacadex-dad5f43.png,Alfonshots,No
0268,https://orig00.deviantart.net/796b/f/2016/220/7/7/0268_by_pacadex-dad5f3s.png,Inukowaii,No
0269,https://orig00.deviantart.net/842e/f/2016/220/c/1/0269_by_pacadex-dad5f3q.png,Windup-Trousle,No
0270,https://orig00.deviantart.net/cb3f/f/2016/220/c/9/0270_by_pacadex-dad5f3l.png,Buoyzel,No
0271,https://orig00.deviantart.net/c365/f/2016/220/c/7/0271_by_pacadex-dad5f3f.png,WolfyCade,No
0272,https://orig00.deviantart.net/d25f/f/2017/092/5/e/0272_by_pacadex-dad5f3b.png,stellamei,No
0273,https://orig00.deviantart.net/3530/f/2017/044/3/1/0273_by_pacadex-dad5f37.png,ARSONlST,No
0274,https://orig00.deviantart.net/2b64/f/2016/220/2/7/0274_by_pacadex-dad5f30.png,Makcake,No
0275,https://orig00.deviantart.net/d146/f/2016/220/4/2/0275_by_pacadex-dad5f2v.png,Oscorix,No
0276,https://orig00.deviantart.net/b69c/f/2016/220/f/6/0276_by_pacadex-dad5f2m.png,ARSONlST,No
0277,https://orig00.deviantart.net/7967/f/2016/220/4/b/0277_by_pacadex-dad5f2c.png,KurokiKumo,No
0278,https://orig00.deviantart.net/3a4d/f/2016/220/f/8/0278_by_pacadex-dad5f29.png,SaImonRoll,No
0279,https://orig00.deviantart.net/48b9/f/2016/220/f/a/0279_by_pacadex-dad5f21.png,Celloco,No
0280,https://orig00.deviantart.net/5c74/f/2016/220/7/6/0280_by_pacadex-dad5f1w.png,Edward-Zyth,No
0281,https://orig00.deviantart.net/81dc/f/2016/220/f/0/0281_by_pacadex-dad5f1p.png,KurokiKumo,No
0282,https://orig00.deviantart.net/04ae/f/2016/220/8/f/0282_by_pacadex-dad5f1l.png,occultic,No
0283,https://orig00.deviantart.net/e5ee/f/2016/220/8/7/0283_by_pacadex-dad5f1a.png,WishfulDewdrop,No
0284,https://orig00.deviantart.net/c06e/f/2016/220/e/b/0284_by_pacadex-dad5f16.png,CloverCoin,No
0285,https://orig00.deviantart.net/67cd/f/2016/220/6/5/0285_by_pacadex-dad5f0w.png,OMGProductions,No
0286,https://orig00.deviantart.net/dde9/f/2016/220/a/4/0286_by_pacadex-dad5f0o.png,WolfyCade,No
0287,https://orig00.deviantart.net/efc0/f/2016/220/7/8/0287_by_pacadex-dad5f0j.png,CordialCrow,No
0288,https://orig00.deviantart.net/c48d/f/2016/220/0/9/0288_by_pacadex-dad5f09.png,toboe5tails,No
0289,https://orig00.deviantart.net/5950/f/2016/220/9/2/0289_by_pacadex-dad5ezx.png,Sweet-n-treat,No
0290,https://orig00.deviantart.net/708d/f/2016/220/0/b/0290_by_pacadex-dad5ezs.png,PuppyMintMocha,No
0291,https://orig00.deviantart.net/2d1a/f/2016/220/9/e/0291_by_pacadex-dad5ezn.png,Silentstreamthecat,No
0292,https://orig00.deviantart.net/0c5c/f/2016/220/f/e/0292_by_pacadex-dad5ezh.png,fIuffybuttt,No
0293,https://orig00.deviantart.net/9d0b/f/2016/220/8/f/0293_by_pacadex-dad5ez6.png,LlamaButtons,No
0294,https://img00.deviantart.net/d001/i/2016/220/5/6/0294_by_pacadex-dad5eyt.png,WolfyCade,No
0295,https://orig00.deviantart.net/4b19/f/2016/220/f/7/0295_by_pacadex-dad5eyi.png,Alymori,No
0296,https://orig00.deviantart.net/b214/f/2016/220/3/1/0296_by_pacadex-dad5eya.png,starridge,No
0297,https://orig00.deviantart.net/f8cb/f/2016/230/8/3/0297_by_pacadex-daefs9g.png,Wan-Nya,No
0298,https://orig00.deviantart.net/b9d9/f/2016/230/0/4/0298_by_pacadex-daefs99.png,jellygirldesigns,No
0299,https://orig00.deviantart.net/c4ac/f/2016/230/7/3/0299_by_pacadex-daefs95.png,LeaaMae,No
0300,https://orig00.deviantart.net/6b69/f/2016/230/8/f/0300_by_pacadex-daefs90.png,Archeopsmaster,No
0301,https://orig00.deviantart.net/c4ee/f/2016/230/c/1/0301_by_pacadex-daefs8t.png,Nokkelborth,No
0302,https://orig00.deviantart.net/a1cc/f/2016/230/b/2/0302_by_pacadex-daefs8n.png,Nokkelborth,No
0303,https://orig00.deviantart.net/e644/f/2016/230/d/d/0303_by_pacadex-daefwv0.png,Sakairi-chan,No
0304,https://orig00.deviantart.net/950f/f/2016/230/0/4/0304_by_pacadex-daefwv8.png,MortalKAkatsuki98,No
0305,https://orig00.deviantart.net/9588/f/2016/230/a/4/0305_by_pacadex-daefwvf.png,MewMew151,No
0306,https://orig00.deviantart.net/f03a/f/2016/230/0/8/0306_by_pacadex-daefwvs.png,Nokkelborth,No
0307,https://orig00.deviantart.net/244f/f/2016/230/0/c/0307_by_pacadex-daefwvn.png,cristais,No
0310,https://orig00.deviantart.net/1fbb/f/2016/235/1/f/0310_by_pacadex-daf26t6.png,Kuumone,No
0311,https://orig00.deviantart.net/bae3/f/2016/235/4/f/0311_by_pacadex-daf26t1.png,toripng,No
0312,https://orig00.deviantart.net/6496/f/2016/235/9/a/0312_by_pacadex-daf26sw.png,hereiskoko,No
0313,https://orig00.deviantart.net/2ae1/f/2016/235/b/f/0313_by_pacadex-daf26sq.png,LlamaButtons,No
0314,https://orig00.deviantart.net/27e4/f/2016/235/8/b/0314_by_pacadex-daf26sl.png,Nokkelborth,No
0315,https://orig00.deviantart.net/4d19/f/2016/235/e/3/0315_by_pacadex-daf26sf.png,zigzaggin-goon,No
0316,https://orig00.deviantart.net/ab51/f/2016/235/9/7/0316_by_pacadex-daf26sd.png,JollyMutt,No
0317,https://orig00.deviantart.net/aecd/f/2016/235/1/c/0317_by_pacadex-daf26sa.png,Numbskulls,No
0318,https://orig00.deviantart.net/0f55/f/2016/235/d/9/0318_by_pacadex-daf26s3.png,MasterMuffinKitty,No
0319,https://orig00.deviantart.net/167b/f/2016/235/2/9/0319_by_pacadex-daf26rv.png,puffpeach,No
0320,https://orig00.deviantart.net/7cfd/f/2016/235/f/2/0320_by_pacadex-daf26rs.png,toripng,No
0321,https://orig00.deviantart.net/cced/f/2016/242/4/c/0321_by_pacadex-dafxw12.png,Bellona27,No
0322,https://orig00.deviantart.net/b04d/f/2016/242/c/d/0322_by_pacadex-dafxw0y.png,TheWyvernAndTheFox,No
0323,https://orig00.deviantart.net/3f86/f/2016/242/5/7/0323_by_pacadex-dafxw0s.png,toripng,No
0324,https://orig00.deviantart.net/60ff/f/2016/242/d/4/0324_by_pacadex-dafxw0p.png,Cat-Mum,No
0325,https://orig00.deviantart.net/fcbf/f/2016/242/7/e/0325_by_pacadex-dafxw0o.png,toripng,No
0326,https://orig00.deviantart.net/9ebe/f/2016/254/b/9/0326_by_pacadex-dahc0lz.png,Yukimamae,No
0327,https://orig00.deviantart.net/72d8/f/2016/254/e/2/0327_by_pacadex-dahc0lu.png,eternitarianSerpent,No
0328,https://orig00.deviantart.net/da53/f/2016/254/d/a/0328_by_pacadex-dahc0lq.png,PonyOfTardis,No
0329,https://orig00.deviantart.net/c272/f/2016/254/1/0/0329_by_pacadex-dahc0lm.png,WolfyCade,No
0330,https://orig00.deviantart.net/c877/f/2016/254/5/5/0330_by_pacadex-dahc0le.png,Fennarchy,No
0331,https://orig00.deviantart.net/f46b/f/2016/254/6/6/0331_by_pacadex-dahc0la.png,PastellePirate,No
0332,https://orig00.deviantart.net/576b/f/2016/254/b/d/0332_by_pacadex-dahc0l7.png,MortalKAkatsuki98,No
0333,https://orig00.deviantart.net/bca3/f/2016/254/2/d/0333_by_pacadex-dahc0kw.png,ErroneousAlyssa,No
0334,https://orig00.deviantart.net/f0e8/f/2016/254/0/2/0334_by_pacadex-dahc0kp.png,Omen-Classic,No
0335,https://orig00.deviantart.net/1704/f/2016/254/c/b/0335_by_pacadex-dahc0kj.png,Milay,No
0336,https://orig00.deviantart.net/21af/f/2016/254/8/1/0336_by_pacadex-dahc0ka.png,mild-otaku,No
0337,https://orig00.deviantart.net/8bcb/f/2016/254/2/f/0337_by_pacadex-dahc0k1.png,toripng,No
0338,https://orig00.deviantart.net/b385/f/2017/044/5/3/0338_by_pacadex-dahc0jz.png,Ozawells,No
0339,https://orig00.deviantart.net/96f5/f/2016/254/c/1/0339_by_pacadex-dahc0jt.png,WaffleMurder,No
0340,https://orig00.deviantart.net/6d39/f/2016/254/7/e/0340_by_pacadex-dahc0jr.png,June-Buggie,No
0341,https://orig00.deviantart.net/a51a/f/2016/254/8/d/0341_by_pacadex-dahc0jn.png,Cat-Mum,No
0342,https://orig00.deviantart.net/f4db/f/2016/254/f/9/0342_by_pacadex-dahc0ji.png,Nilwing,No
0343,https://orig00.deviantart.net/0608/f/2016/254/2/0/0343_by_pacadex-dahc0jc.png,CloverCoin,No
0344,https://orig00.deviantart.net/02d9/f/2016/272/3/b/0344_by_pacadex-daj9pgp.png,BakeryBabies,No
0345,https://orig00.deviantart.net/8477/f/2016/272/6/5/0345_by_pacadex-daj9pgn.png,ARSONlST,No
0346,https://orig00.deviantart.net/732c/f/2016/272/5/5/0346_by_pacadex-daj9pgg.png,MewMew151,No
0347,https://orig00.deviantart.net/d957/f/2016/272/f/4/0347_by_pacadex-daj9pge.png,Sakairi-chan,No
0348,https://orig00.deviantart.net/1b62/f/2016/272/8/4/0348_by_pacadex-daj9pgc.png,phantumped,No
0349,https://orig00.deviantart.net/54b5/f/2016/313/b/5/0349_by_pacadex-danvfbx.png,exoticbutterss,No
0350,https://orig00.deviantart.net/3613/f/2016/313/4/9/0350_by_pacadex-danvfbt.png,SinnerHokori,No
0351,https://orig00.deviantart.net/7518/f/2016/313/d/5/0351_by_pacadex-danvfbq.png,Animefanbyheart,No
0352,https://orig00.deviantart.net/6017/f/2016/313/f/5/0352_by_pacadex-danvfbn.png,chowfur,No
0353,https://orig00.deviantart.net/734c/f/2016/313/1/a/0353_by_pacadex-danvfbe.png,Pikachumaster,No
0354,https://orig00.deviantart.net/c325/f/2016/313/8/1/0354_by_pacadex-danvfba.png,BoxHeadRave,No
0355,https://orig00.deviantart.net/94aa/f/2016/313/a/7/0355_by_pacadex-danvfb6.png,HuffyBun,No
0356,https://orig00.deviantart.net/2de2/f/2016/313/1/2/0356_by_pacadex-danvfb2.png,Inuinuie,No
0357,https://orig00.deviantart.net/83b2/f/2016/313/a/7/0357_by_pacadex-danvfay.png,Zagittorch,No
0358,https://orig00.deviantart.net/c917/f/2016/313/5/2/0358_by_pacadex-danvfav.png,Mersiefloof,No
0359,https://orig00.deviantart.net/c72a/f/2016/313/e/f/0359_by_pacadex-danvfao.png,Alfonshots,No
0360,https://orig00.deviantart.net/4e91/f/2016/313/0/2/0360_by_pacadex-danvfaf.png,Zukuro,No
0361,https://orig00.deviantart.net/4614/f/2016/313/a/6/0361_by_pacadex-danvfaa.png,Mystic-Breakthrough,No
0362,https://orig00.deviantart.net/041d/f/2016/313/8/5/0362_by_pacadex-danvfa1.png,toripng,No
0363,https://orig00.deviantart.net/7ef6/f/2016/328/7/b/0363_by_pacadex-dapgta3.png,Zagittorch,No
0364,https://orig00.deviantart.net/d014/f/2016/328/a/8/0364_by_pacadex-dapgta0.png,Chomp-chi,No
0365,https://orig00.deviantart.net/f89a/f/2016/328/5/8/0365_by_pacadex-dapgt9x.png,LlamaButtons,No
0366,https://orig00.deviantart.net/c374/f/2016/328/6/9/0366_by_pacadex-dapgt9q.png,Cottontin,No
0367,https://orig00.deviantart.net/8ffd/f/2016/334/d/5/0367_by_pacadex-daq6hlw.png,Alymori,No
0368,https://orig00.deviantart.net/5c88/f/2016/334/b/d/0368_by_pacadex-daq6hls.png,WolfyCade,No
0369,https://orig00.deviantart.net/ed55/f/2016/334/3/3/0369_by_pacadex-daq6hlp.png,itsterriblyArtistic,No
0370,https://orig00.deviantart.net/8279/f/2016/347/b/b/0370_by_pacadex-darjhus.png,crazyfirewolf,No
0371,https://orig00.deviantart.net/e01f/f/2016/365/c/f/0371_by_pacadex-datlrtc.png,CordialCrow,No
0372,https://orig00.deviantart.net/2d2c/f/2016/365/7/5/0372_by_pacadex-datlrsz.png,Mersiefloof,No
0373,https://orig00.deviantart.net/af22/f/2016/365/e/f/0373_by_pacadex-datlrsv.png,tabbytigers,No
0374,https://orig00.deviantart.net/0b42/f/2017/009/b/0/0374_by_pacadex-daut6im.png,Iloveakitten,No
0375,https://orig00.deviantart.net/54bb/f/2017/009/0/1/0375_by_pacadex-daut6ij.png,Archeopsmaster,No
0376,https://orig00.deviantart.net/6e2d/f/2017/009/c/f/0376_by_pacadex-daut6if.png,ErroneousAlyssa,No
0377,https://orig00.deviantart.net/42eb/f/2017/019/0/0/0377_by_pacadex-davz6dn.png,floramisa,No
0378,https://orig00.deviantart.net/5cb4/f/2017/019/9/4/0378_by_pacadex-davz6dh.png,Alfonshots,No
0379,https://orig00.deviantart.net/e41d/f/2017/027/b/7/0379_by_pacadex-dawyyhe.png,Nokkelborth,No
0380,https://orig00.deviantart.net/1767/f/2017/033/3/9/0380_by_pacadex-daxmuea.png,bearprincess,No
0381,https://orig00.deviantart.net/8618/f/2017/033/0/4/0381_by_pacadex-daxmufa.png,Sakairi-chan,No
0382,https://orig00.deviantart.net/1ce5/f/2017/033/d/6/0382_by_pacadex-daxmuf5.png,SaImonRoll,No
0383,https://orig00.deviantart.net/92b3/f/2017/033/1/1/0383_by_pacadex-daxmuex.png,Nokkelborth,No
0384,https://orig00.deviantart.net/cc08/f/2017/033/b/c/0384_by_pacadex-daxmuer.png,cristais,No
0385,https://orig00.deviantart.net/64b9/f/2017/033/3/7/0385_by_pacadex-daxmueh.png,Nokkelborth,No
0386,https://orig00.deviantart.net/bbcb/f/2017/045/c/f/0386_by_pacadex-daz4mtf.png,WolfyCade,No
0387,https://orig00.deviantart.net/ce71/f/2017/045/d/4/0387_by_pacadex-daz4mt8.png,SinnerHokori,No
0388,https://orig00.deviantart.net/76a3/f/2017/045/f/b/0388_by_pacadex-daz4mt4.png,toripng,No
0389,https://orig00.deviantart.net/d52b/f/2017/045/d/4/0389_by_pacadex-daz4mt0.png,toripng,No
0390,https://orig00.deviantart.net/c9fd/f/2017/045/e/9/0390_by_pacadex-daz4mss.png,floramisa,No
0391,https://orig00.deviantart.net/12a2/f/2017/045/8/2/0391_by_pacadex-daz4mso.png,WolfyCade,No
0392,https://orig00.deviantart.net/212b/f/2017/045/0/2/0392_by_pacadex-daz4msj.png,Oujikyuu,No
0393,https://orig00.deviantart.net/97e8/f/2017/060/6/4/0393_by_pacadex-db0tsp6.png,OMGProductions,No
0394,https://orig00.deviantart.net/3442/f/2017/132/9/5/0394_by_pacadex-db0tsp3.png,BLxINK,No
0395,https://orig00.deviantart.net/7ca4/f/2017/060/6/6/0395_by_pacadex-db0tsp0.png,ARSONlST,No
0396,https://orig00.deviantart.net/65dc/f/2017/060/2/a/0396_by_pacadex-db0tsoo.png,StarCorpse,No
0397,https://orig00.deviantart.net/c1f1/f/2017/060/3/6/0397_by_pacadex-db0tsoj.png,SourDreamer,No
0398,https://orig00.deviantart.net/3fe8/f/2017/060/6/1/0398_by_pacadex-db0tsob.png,WolfyCade,No
0399,https://orig00.deviantart.net/bb45/f/2017/060/c/3/0399_by_pacadex-db0tso3.png,Mocha-Miel,No
0400,https://orig00.deviantart.net/08c6/f/2017/060/4/e/0400_by_pacadex-db0tsn7.png,synicals,No
0401,https://orig00.deviantart.net/e984/f/2017/060/0/1/0401_by_pacadex-db0tsn0.png,blushbun,No
0402,https://orig00.deviantart.net/574d/f/2017/060/5/6/0402_by_pacadex-db0tsms.png,SourDreamer,No
0403,https://orig00.deviantart.net/87af/f/2017/080/5/0/0403_by_pacadex-db31bw9.png,MewMew151,No
0404,https://orig00.deviantart.net/e06d/f/2017/080/2/7/0404_by_pacadex-db31bx3.png,MewMew151,No
0405,https://orig00.deviantart.net/b50d/f/2017/080/4/6/0405_by_pacadex-db31bww.png,Sakairi-chan,No
0406,https://orig00.deviantart.net/f96d/f/2017/080/1/e/0406_by_pacadex-db31bwq.png,Alymori,No
0407,https://orig00.deviantart.net/a839/f/2017/080/c/a/0407_by_pacadex-db31bwn.png,WingedWolfAlari,No
0408,https://orig00.deviantart.net/b0a4/f/2017/080/7/0/0408_by_pacadex-db31bwk.png,Archeopsmaster,No
0409,https://orig00.deviantart.net/2af7/f/2017/080/e/7/0409_by_pacadex-db31bwh.png,floramisa,No
0410,https://orig00.deviantart.net/b517/f/2017/080/c/0/0410_by_pacadex-db31bwd.png,WolfyCade,No
0411,https://orig00.deviantart.net/ec83/f/2017/107/4/3/0411_by_pacadex-db67y5a.png,mild-otaku,No
0412,https://orig00.deviantart.net/0ba6/f/2017/107/5/4/0412_by_pacadex-db67y56.png,LlamaButtons,No
0413,https://orig00.deviantart.net/a874/f/2017/107/3/8/0413_by_pacadex-db67y4y.png,WolfyCade,No
0414,https://orig00.deviantart.net/9aec/f/2017/107/d/b/0414_by_pacadex-db67y4u.png,Kitkatloid,No
0415,https://orig00.deviantart.net/1b96/f/2017/107/a/6/0415_by_pacadex-db67y4p.png,ittybittyottertitty,No
0416,https://orig00.deviantart.net/ce1b/f/2017/107/7/c/0416_by_pacadex-db67y4l.png,ClutterCluster,No
0417,https://orig00.deviantart.net/82e9/f/2017/107/4/d/0417_by_pacadex-db67y4d.png,Alymori,No
0418,https://orig00.deviantart.net/e1e8/f/2017/107/c/0/0418_by_pacadex-db67y46.png,manaberry,No
0419,https://orig00.deviantart.net/ffc6/f/2017/107/8/5/0419_by_pacadex-db67y41.png,owIishious,No
0420,https://orig00.deviantart.net/7a4d/f/2017/107/9/2/0420_by_pacadex-db67y3u.png,Nokkelborth,No
0421,https://orig00.deviantart.net/5a7a/f/2017/107/3/7/0421_by_pacadex-db67y3l.png,ArcticHalo,No
0422,https://orig00.deviantart.net/1a95/f/2017/128/1/1/0422_by_pacadex-db8imbq.png,Nokkelborth,No
0423,https://orig00.deviantart.net/10e2/f/2017/128/a/e/0423_by_pacadex-db8imbn.png,soarielle,No
0424,https://orig00.deviantart.net/f90f/f/2017/128/4/1/0424_by_pacadex-db8imbi.png,Skelefrog,No
0425,https://orig00.deviantart.net/8f90/f/2017/128/9/e/0425_by_pacadex-db8imbg.png,naishine,No
0426,https://orig00.deviantart.net/199a/f/2017/128/a/b/0426_by_pacadex-db8imbe.png,Airmura,No
0427,https://orig00.deviantart.net/7a7f/f/2017/128/7/0/0427_by_pacadex-db8imba.png,iucien,No
0428,https://orig00.deviantart.net/85f5/f/2017/128/8/3/0428_by_pacadex-db8imb7.png,Cat-Mum,No
0429,https://orig00.deviantart.net/660f/f/2017/128/1/4/0429_by_pacadex-db8imb3.png,witchpaws,No
0430,https://orig00.deviantart.net/9f57/f/2017/128/2/9/0430_by_pacadex-db8imb2.png,HobbaGobwin,No
0431,https://orig00.deviantart.net/dd51/f/2017/128/6/4/0431_by_pacadex-db8imay.png,caringbears,No
0432,https://orig00.deviantart.net/ed6b/f/2017/128/9/8/0432_by_pacadex-db8imau.png,Peach-moth,No
0433,https://orig00.deviantart.net/18b3/f/2017/128/3/0/0433_by_pacadex-db8imaq.png,CloverCoin,No
0434,https://orig00.deviantart.net/a0b0/f/2017/128/e/5/0434_by_pacadex-db8imao.png,MortalKAkatsuki98,No
0435,https://orig00.deviantart.net/c0fa/f/2017/128/e/4/0435_by_pacadex-db8imam.png,pandoras-island,No
0436,https://orig00.deviantart.net/e345/f/2017/128/e/b/0436_by_pacadex-db8imag.png,Milkynan,No
0437,https://orig00.deviantart.net/afba/f/2017/128/e/7/0437_by_pacadex-db8imae.png,citydrlve,No
0438,https://orig00.deviantart.net/5b0d/f/2017/128/3/1/0438_by_pacadex-db8imab.png,mild-otaku,No
0439,https://orig00.deviantart.net/283d/f/2017/128/c/9/0439_by_pacadex-db8imaa.png,saltinesmores,No
0440,https://orig00.deviantart.net/2188/f/2017/128/f/1/0440_by_pacadex-db8ima8.png,miIkypawz,No
0441,https://orig00.deviantart.net/8d19/f/2017/128/5/e/0441_by_pacadex-db8ima6.png,Nokkelborth,No
0442,https://orig00.deviantart.net/64ca/f/2017/128/6/b/0442_by_pacadex-db8ima4.png,floramisa,No
0443,https://orig00.deviantart.net/59da/f/2017/128/b/4/0443_by_pacadex-db8ima2.png,Archeopsmaster,No
0444,https://orig00.deviantart.net/a346/f/2017/128/d/2/0444_by_pacadex-db8im9y.png,WingedWolfAlari,No
0445,https://orig00.deviantart.net/4daa/f/2017/128/3/8/0445_by_pacadex-db8im9u.png,bandit1971,No
0446,https://orig00.deviantart.net/24f3/f/2017/128/3/b/0446_by_pacadex-db8im9r.png,strangelykatie,No
0447,https://orig00.deviantart.net/148a/f/2017/140/b/2/0447_by_pacadex-db9vxh5.png,SaImonRoll,No
0448,https://orig00.deviantart.net/23de/f/2017/140/5/3/0448_by_pacadex-db9vxgy.png,MewMew151,No
0449,https://orig00.deviantart.net/07b8/f/2017/140/5/a/0449_by_pacadex-db9vxgt.png,CloverCoin,No
0450,https://orig00.deviantart.net/69da/f/2017/140/a/1/0450_by_pacadex-db9vxgk.png,saltinesmores,No
0451,https://orig00.deviantart.net/f459/f/2017/140/5/1/0451_by_pacadex-db9vxgd.png,ruppychan,No
0452,https://orig00.deviantart.net/7330/f/2017/140/7/1/0452_by_pacadex-db9vxfz.png,MewMew151,No
0453,https://orig00.deviantart.net/19c7/f/2017/140/b/8/0453_by_pacadex-db9vxft.png,ruppychan,No
0454,https://orig00.deviantart.net/8cd7/f/2017/140/9/0/0454_by_pacadex-db9vxfi.png,CharredShadow,No
0455,https://orig00.deviantart.net/5d47/f/2017/140/4/3/0455_by_pacadex-db9vxf6.png,Abandon3dRain,No
0456,https://orig00.deviantart.net/07fe/f/2017/140/2/3/0456_by_pacadex-db9vxez.png,CordialCrow,No
0457,https://orig00.deviantart.net/1c6d/f/2017/152/a/7/0457_by_pacadex-dbb8ivy.png,ruppychan,No
0458,https://orig00.deviantart.net/5b56/f/2017/152/9/4/0458_by_pacadex-dbb8ivr.png,MortalKAkatsuki98,No
0459,https://orig00.deviantart.net/8781/f/2017/152/6/e/0459_by_pacadex-dbb8ivm.png,fluttershysocks,No
0460,https://orig00.deviantart.net/5f36/f/2017/152/f/7/0460_by_pacadex-dbb8ivh.png,Birbfeathers,No
0461,https://orig00.deviantart.net/1610/f/2017/152/3/c/0461_by_pacadex-dbb8ivb.png,ebriose,No
0462,https://orig00.deviantart.net/7ede/f/2017/152/7/5/0462_by_pacadex-dbb8iv8.png,mild-otaku,No
0463,https://orig00.deviantart.net/9256/f/2017/161/1/6/0463_by_pacadex-dbcaab4.png,WolfyCade,No
0464,https://orig00.deviantart.net/1e33/f/2017/161/8/4/0464_by_pacadex-dbcaaaz.png,CordialCrow,No
0465,https://orig00.deviantart.net/dff1/f/2017/161/f/c/0465_by_pacadex-dbcaaay.png,Mersiefloof,No
0466,https://orig00.deviantart.net/07c2/f/2017/161/0/0/0466_by_pacadex-dbcaaav.png,WolfyCade,No
0467,https://orig00.deviantart.net/d92d/f/2017/161/3/d/0467_by_pacadex-dbcaaat.png,OberonSirius,No
0468,https://orig00.deviantart.net/316d/f/2017/161/a/9/0468_by_pacadex-dbcaaas.png,ToastedFur,No
0469,https://orig00.deviantart.net/37ed/f/2017/161/7/e/0469_by_pacadex-dbcaaam.png,Cat-Mum,No
0470,https://orig00.deviantart.net/6ee3/f/2017/161/f/a/0470_by_pacadex-dbcaaaj.png,TheShatteredRuby,No
0471,https://orig00.deviantart.net/bd41/f/2017/161/4/b/0471_by_pacadex-dbcaaad.png,pandoras-island,No
0472,https://orig00.deviantart.net/6a5c/f/2017/161/1/3/0472_by_pacadex-dbcaaa9.png,Mocha-Miel,No
0473,https://pre00.deviantart.net/7b6e/th/pre/f/2017/169/d/7/0473_by_pacadex-dbd75n4.png,WolfyCade,No
0474,https://orig00.deviantart.net/5791/f/2017/169/5/e/0474_by_pacadex-dbd75mg.png,SweetSouls,No
0475,https://orig00.deviantart.net/14b0/f/2017/230/4/1/0475_by_pacadex-dbd75lx.png,mild-otaku,No
0476,https://orig00.deviantart.net/bfc5/f/2017/169/a/1/0476_by_pacadex-dbd75l1.png,Seabunneh,No
0477,https://orig00.deviantart.net/052f/f/2017/169/4/4/0477_by_pacadex-dbd75km.png,Chimera-Tea,No
0478,https://orig00.deviantart.net/e41e/f/2017/183/7/e/0478_by_pacadex-dbewncw.png,Fumi-LEX,No
0479,https://orig00.deviantart.net/53d2/f/2017/183/3/a/0479_by_pacadex-dbewncp.png,Mersiefloof,No
0480,https://orig00.deviantart.net/a2c1/f/2017/183/4/c/0480_by_pacadex-dbewncj.png,toboe5tails,No
0481,https://orig00.deviantart.net/de3b/f/2017/183/d/f/0481_by_pacadex-dbewnce.png,TipsyRabbitDuffy,No
0482,https://orig00.deviantart.net/fbc1/f/2017/192/d/e/0482_by_pacadex-dbfz9m7.png,SinnerHokori,No
0483,https://orig00.deviantart.net/7fae/f/2017/192/9/8/0483_by_pacadex-dbfz9lb.png,Archeopsmaster,No
0484,https://orig00.deviantart.net/b52c/f/2017/192/6/9/0484_by_pacadex-dbfz9kp.png,lizbot,No
0485,https://orig00.deviantart.net/bd39/f/2017/192/c/e/0485_by_pacadex-dbfz9kg.png,inhereisatragedy,No
0486,https://orig00.deviantart.net/12b5/f/2017/192/7/4/0486_by_pacadex-dbfz9k7.png,Zoey-Hoshi,No
0487,https://orig00.deviantart.net/5adf/f/2017/192/4/4/0487_by_pacadex-dbfz9jz.png,Zoomutt,No
0488,https://orig00.deviantart.net/779b/f/2017/192/3/3/0488_by_pacadex-dbfz9jq.png,Cheepster,No
0489,https://orig00.deviantart.net/4f30/f/2017/192/c/5/0489_by_pacadex-dbfz9jk.png,TheSmoothieBlender,No
0490,https://orig00.deviantart.net/ec52/f/2017/200/3/9/0490_by_pacadex-dbgy846.png,winfieId,No
0491,https://orig00.deviantart.net/a739/f/2017/200/b/0/0491_by_pacadex-dbgy856.png,ground-lion,No
0492,https://orig00.deviantart.net/756f/f/2017/200/c/e/0492_by_pacadex-dbgynx1.png,Technoloaf,No
0493,https://orig00.deviantart.net/0bb7/f/2017/200/d/7/0493_by_pacadex-dbgynwz.png,dreamywren,No
0494,https://orig00.deviantart.net/f8b1/f/2017/200/9/7/0494_by_pacadex-dbgynwx.png,Cynical-Bee,No
0495,https://orig00.deviantart.net/ee02/f/2017/200/5/7/0495_by_pacadex-dbgynwu.png,meekouu,No
0496,https://orig00.deviantart.net/6719/f/2017/200/6/6/0496_by_pacadex-dbgynwn.png,AttitudeCity,No
0497,https://orig00.deviantart.net/475b/f/2017/200/b/d/0497_by_pacadex-dbgynwl.png,microscare,No
0498,https://orig00.deviantart.net/2dce/f/2017/215/c/3/0498_by_pacadex-dbir53d.png,Mersiefloof,No
0499,https://orig00.deviantart.net/7251/f/2017/215/6/3/0499_by_pacadex-dbir52z.png,mild-otaku,No
0500,https://orig00.deviantart.net/997c/f/2017/215/9/5/0500_by_pacadex-dbir52k.png,DexterRaladin,No
0501,https://orig00.deviantart.net/42fe/f/2017/215/9/c/0501_by_pacadex-dbir52b.png,ARSONlST,No
0502,https://orig00.deviantart.net/ff23/f/2017/215/b/5/0502_by_pacadex-dbir51x.png,vovscurial,No
0503,https://orig00.deviantart.net/b398/f/2017/215/1/7/0503_by_pacadex-dbir51t.png,TechnoTealeaf,No
0504,https://orig00.deviantart.net/42df/f/2017/215/7/5/0504_by_pacadex-dbir513.png,STAG-KING,No
0505,https://orig00.deviantart.net/9def/f/2017/230/0/e/0505_by_pacadex-dbkimy7.png,floramisa,No
0506,https://orig00.deviantart.net/a5bf/f/2017/230/c/7/0506_by_pacadex-dbkin6s.png,WolfyCade,No
0507,https://orig00.deviantart.net/afdb/f/2017/230/b/9/0507_by_pacadex-dbkini1.png,watermelon-birb,No
0508,https://orig00.deviantart.net/101c/f/2017/237/b/c/0508_by_pacadex-dblarnf.png,Kiki-Bunni,No
0509,https://orig00.deviantart.net/3717/f/2017/237/e/9/0509_by_pacadex-dblarna.png,inhereisatragedy,No
0510,https://orig00.deviantart.net/1e33/f/2017/237/c/4/0510_by_pacadex-dblarn2.png,WolfyCade,No
0511,https://orig00.deviantart.net/36a6/f/2017/237/8/5/0511_by_pacadex-dblarmw.png,MortalKAkatsuki98,No
0512,https://orig00.deviantart.net/ba78/f/2017/237/8/7/0512_by_pacadex-dblarmt.png,WolfyCade,No
0513,https://orig00.deviantart.net/e198/f/2017/237/f/c/0513_by_pacadex-dblarmm.png,stellamei,No
0514,https://orig00.deviantart.net/7af8/f/2017/237/5/3/0514_by_pacadex-dblarme.png,inhereisatragedy,No
0515,https://orig00.deviantart.net/9ca5/f/2017/237/b/6/0515_by_pacadex-dblarmb.png,CordialCrow,No
0516,https://orig00.deviantart.net/f0f5/f/2017/244/a/d/0516_by_pacadex-dbm3anh.png,TeaLeo,No
0517,https://orig00.deviantart.net/e652/f/2017/244/4/a/0517_by_pacadex-dbm3bag.png,FailedMonster,No
0518,https://orig00.deviantart.net/ffce/f/2017/244/d/4/0518_by_pacadex-dbm3ba6.png,TeaLeo,No
0519,https://orig00.deviantart.net/1809/f/2017/252/b/9/0519_by_pacadex-dbm3b9x.png,RainyStardrops,No
0520,https://orig00.deviantart.net/a67c/f/2017/244/1/3/0520_by_pacadex-dbm3b9n.png,jentuyet,No
0521,https://orig00.deviantart.net/8a52/f/2017/252/7/5/0521_by_pacadex-dbm3b9c.png,ArpeggiosMelody,No
0522,https://orig00.deviantart.net/dba4/f/2017/244/a/9/0522_by_pacadex-dbm3b91.png,Iloveakitten,No
0523,https://orig00.deviantart.net/bf6a/f/2017/244/b/f/0523_by_pacadex-dbm3b8v.png,SinnerHokori,No
0524,https://orig00.deviantart.net/d1c3/f/2017/252/1/a/0524_by_pacadex-dbmxf5b.png,Mangoswirls,No
0525,https://orig00.deviantart.net/a460/f/2017/252/8/7/0525_by_pacadex-dbmxfd6.png,Seabunneh,No
0526,https://orig00.deviantart.net/ab6c/f/2017/252/b/7/0526_by_pacadex-dbmxfis.png,MoonstoneDazzle,No
0527,https://orig00.deviantart.net/630b/f/2017/252/4/6/0527_by_pacadex-dbmxfne.png,Nathika,No
0528,https://orig00.deviantart.net/a033/f/2017/252/1/e/0528_by_pacadex-dbmxft6.png,MilkPawz,No
0529,https://orig00.deviantart.net/8c08/f/2017/252/6/d/0529_by_pacadex-dbmxfyp.png,Zoomutt,No
G0001,https://orig00.deviantart.net/5e74/f/2016/133/5/5/g0001_by_pacadex-da2egrd.png,SheiaLyn,No
G0002,https://orig00.deviantart.net/292b/f/2016/133/2/7/g0002_by_pacadex-da2egra.png,CloverCoin,No
G0003,https://orig00.deviantart.net/df1f/f/2016/133/2/4/g0003_by_pacadex-da2egr4.png,sleepbud3,No
G0004,https://orig00.deviantart.net/7a62/f/2016/133/f/e/g0004_by_pacadex-da2egqz.png,Mocha-Miel,No
G0005,https://orig00.deviantart.net/0671/f/2016/133/a/3/g0005_by_pacadex-da2egqs.png,KeLou,No
G0006,https://orig00.deviantart.net/74ff/f/2016/133/f/9/g0006_by_pacadex-da2egqj.png,Ivory-Bolt,No
G0007,https://orig00.deviantart.net/a914/f/2016/133/d/8/g0007_by_pacadex-da2egqf.png,FishingWaffles,No
G0008,https://orig00.deviantart.net/60e7/f/2016/133/5/3/g0008_by_pacadex-da2egqa.png,F00DS,No
G0009,https://orig00.deviantart.net/17a3/f/2016/133/3/c/g0009_by_pacadex-da2egq4.png,suburgatory,No
G0010,https://orig00.deviantart.net/6f21/f/2016/133/5/0/g0010_by_pacadex-da2egpy.png,Black-Spandex,No
G0011,https://orig00.deviantart.net/d6f6/f/2016/133/5/5/g0011_by_pacadex-da2egow.png,Sunshineshiny,No
G0012,https://orig00.deviantart.net/a610/f/2016/133/5/f/g0012_by_pacadex-da2egos.png,Kiboku,No
G0013,https://orig00.deviantart.net/dcab/f/2016/133/6/d/g0013_by_pacadex-da2egps.png,SaImonRoll,No
G0014,https://orig00.deviantart.net/7b10/f/2016/133/8/3/g0014_by_pacadex-da2egpl.png,Baddjpg,No
G0015,https://orig00.deviantart.net/13c4/f/2016/365/0/0/g0015_by_pacadex-da2egpj.png,SaImonRoll,No
G0016,https://orig00.deviantart.net/97ce/f/2016/133/a/0/g0016_by_pacadex-da2egph.png,li-xiang,No
G0017,https://orig00.deviantart.net/3eea/f/2016/133/8/a/g0017_by_pacadex-da2egpb.png,MewMew151,No
G0018,https://orig00.deviantart.net/a9e0/f/2016/133/6/8/g0018_by_pacadex-da2egp6.png,Pietastic-Creations,No
G0019,https://orig00.deviantart.net/971b/f/2016/133/e/0/g0019_by_pacadex-da2egp5.png,Alymori,No
G0020,https://orig00.deviantart.net/f3fd/f/2016/133/f/3/g0020_by_pacadex-da2egp0.png,WanNyan,No
G0021,https://orig00.deviantart.net/9994/f/2016/133/7/a/g0021_by_pacadex-da2egop.png,tyronniesaur,No
G0022,https://orig00.deviantart.net/8dd7/f/2016/133/1/2/g0022_by_pacadex-da2egof.png,Yippiegal,No
G0023,https://orig00.deviantart.net/5d3a/f/2016/133/3/b/g0023_by_pacadex-da2ego9.png,Black-Spandex,No
G0024,https://orig00.deviantart.net/bed2/f/2016/133/a/4/g0024_by_pacadex-da2ego6.png,bandit1971,No
G0025,https://orig00.deviantart.net/9281/f/2016/140/8/2/g0025_by_pacadex-da370o4.png,ruppychan,No
G0026,https://orig00.deviantart.net/282b/f/2016/140/8/5/g0026_by_pacadex-da370mt.png,SinnerHokori,No
G0027,https://orig00.deviantart.net/47b2/f/2017/068/7/8/g0027_by_pacadex-da370me.png,toripng,No
G0028,https://orig00.deviantart.net/b9f3/f/2016/140/b/8/g0028_by_pacadex-da370m9.png,Zoe-Underland,No
G0029,https://orig00.deviantart.net/c548/f/2016/161/6/4/g0029_by_pacadex-da5rm5i.png,blushbun,No
G0030,https://orig00.deviantart.net/babb/f/2016/161/4/8/g0030_by_pacadex-da5rm9h.png,AllunareRises,No
G0031,https://orig00.deviantart.net/97dd/f/2016/161/2/9/g0031_by_pacadex-da5rm94.png,delightfuliza,No
G0032,https://orig00.deviantart.net/3e52/f/2016/161/2/7/g0032_by_pacadex-da5rm8l.png,d215lab,No
G0033,https://orig00.deviantart.net/7d2d/f/2016/161/5/6/g0033_by_pacadex-da5rm87.png,TheWyvernAndTheFox,No
G0034,https://orig00.deviantart.net/63b9/f/2016/161/d/a/g0034_by_pacadex-da5rm7v.png,Dracini,No
G0035,https://orig00.deviantart.net/2db0/f/2016/161/a/5/g0035_by_pacadex-da5rm79.png,Cat-Mum,No
G0036,https://orig00.deviantart.net/9e3b/f/2016/161/3/b/g0036_by_pacadex-da5rm71.png,CloverCoin,No
G0037,https://orig00.deviantart.net/f339/f/2016/161/9/3/g0037_by_pacadex-da5rm6t.png,TheWyvernAndTheFox,No
G0038,https://orig00.deviantart.net/74cb/f/2016/161/3/a/g0038_by_pacadex-da5rm6j.png,Ephylne,No
G0039,https://orig00.deviantart.net/cad7/f/2016/161/d/f/g0039_by_pacadex-da5rm6g.png,Zagittorch,No
G0040,https://orig00.deviantart.net/234e/f/2016/161/7/f/g0040_by_pacadex-da5rm66.png,chaevyre,No
G0041,https://orig00.deviantart.net/d40a/f/2017/092/6/0/g0041_by_pacadex-da5rm5y.png,Kazuriii,No
G0042,https://orig00.deviantart.net/a8c8/f/2016/161/0/2/g0042_by_pacadex-da5rm5n.png,FailedMonster,No
G0043,https://orig00.deviantart.net/636e/f/2016/162/7/9/g0043_by_pacadex-da5uypf.png,ChibiTea,No
G0044,https://orig00.deviantart.net/96a1/f/2016/162/1/f/g0044_by_pacadex-da5uypv.png,ARSONlST,No
G0045,https://orig00.deviantart.net/28fb/f/2016/162/5/b/g0045_by_pacadex-da5uyqb.png,onigiryStuff,No
G0046,https://orig00.deviantart.net/b8f1/f/2016/162/7/b/g0046_by_pacadex-da5uyqk.png,Cilexa,No
G0047,https://orig00.deviantart.net/565d/f/2016/162/8/1/g0047_by_pacadex-da5uyr2.png,VladieBunnifly,No
G0048,https://orig00.deviantart.net/56f9/f/2016/162/e/e/g0048_by_pacadex-da5uyra.png,KorgiKardigan,No
G0049,https://orig00.deviantart.net/3e2c/f/2016/179/b/3/g0049_by_pacadex-da80bbz.png,InfiniteErrors,No
G0050,https://orig00.deviantart.net/8b07/f/2016/179/f/3/g0050_by_pacadex-da80bbw.png,ARSONlST,No
G0051,https://orig00.deviantart.net/75d2/f/2016/179/5/6/g0051_by_pacadex-da80bbo.png,toripng,No
G0052,https://orig00.deviantart.net/ac78/f/2016/179/6/1/g0052_by_pacadex-da80bbg.png,EmeraldTheWoof,No
G0053,https://orig00.deviantart.net/8b6d/f/2016/181/c/6/g0053_by_pacadex-da8801p.png,lagenas,No
G0054,https://orig00.deviantart.net/b7b6/f/2016/181/9/6/g0054_by_pacadex-da8801h.png,SinnerHokori,No
G0055,https://orig00.deviantart.net/6b81/f/2016/181/3/4/g0055_by_pacadex-da8800y.png,onigiryStuff,No
G0056,https://orig00.deviantart.net/da3a/f/2016/181/a/1/g0056_by_pacadex-da88014.png,sosiqui,No
G0057,https://orig00.deviantart.net/d0fd/f/2016/220/1/c/g0057_by_pacadex-dad5bqq.png,Kuumone,No
G0058,https://orig00.deviantart.net/dbb6/f/2016/220/0/2/g0058_by_pacadex-dad5bql.png,Seabunneh,No
G0059,https://orig00.deviantart.net/d840/f/2016/220/5/1/g0059_by_pacadex-dad5bqb.png,Kuumone,No
G0060,https://orig00.deviantart.net/ef3a/f/2016/220/5/9/g0060_by_pacadex-dad5bq7.png,ScoutCritter,No
G0061,https://orig00.deviantart.net/474e/f/2016/220/1/9/g0061_by_pacadex-dad5bq0.png,tabbytigers,No
G0062,https://orig00.deviantart.net/6303/f/2016/220/7/e/g0062_by_pacadex-dad5bpu.png,TheWyvernAndTheFox,No
G0063,https://orig00.deviantart.net/a3b5/f/2016/220/b/6/g0063_by_pacadex-dad5bpn.png,vladimirsangel,No
G0064,https://orig00.deviantart.net/f691/f/2016/220/d/f/g0064_by_pacadex-dad5cza.png,Zukuro,No
G0065,https://img00.deviantart.net/8e93/i/2016/313/c/1/g0065_by_pacadex-dad5czi.png,SunnyHoneyBone,No
G0066,https://orig00.deviantart.net/6966/f/2016/220/c/d/g0066_by_pacadex-dad5d0l.png,nessuhime,No
G0067,https://orig00.deviantart.net/75d7/f/2016/220/6/0/g0067_by_pacadex-dad5d0x.png,Chocolatespyro,No
G0068,https://orig00.deviantart.net/fc52/f/2016/220/5/2/g0068_by_pacadex-dad687l.png,ARSONlST,No
G0069,https://orig00.deviantart.net/f8e4/f/2016/220/7/f/g0069_by_pacadex-dad687s.png,Ocelein,No
G0070,https://orig00.deviantart.net/8037/f/2016/220/f/4/g0070_by_pacadex-dad687o.png,toboe5tails,No
G0071,https://orig00.deviantart.net/6eba/f/2016/220/a/b/g0071_by_pacadex-dad6c8j.png,RavenSongLullaby,No
G0072,https://orig00.deviantart.net/21e1/f/2016/220/8/7/g0072_by_pacadex-dad6c8o.png,Lighterium,No
G0073,https://orig00.deviantart.net/e069/f/2016/220/a/a/g0073_by_pacadex-dad6c8b.png,Dracini,No
G0074,https://orig00.deviantart.net/896f/f/2016/220/e/d/g0074_by_pacadex-dad6c8s.png,vovscurial,No
G0075,https://orig00.deviantart.net/ca36/f/2016/230/4/a/g0075_by_pacadex-daefs81.png,RevkaHunt,No
G0076,https://orig00.deviantart.net/4fec/f/2016/230/1/6/g0076_by_pacadex-daefs7q.png,toripng,No
G0077,https://orig00.deviantart.net/79a6/f/2016/230/a/9/g0077_by_pacadex-daefs7j.png,rangifer-tarandus,No
G0078,https://orig00.deviantart.net/9691/f/2016/328/2/b/g0078_by_pacadex-daefs7d.png,Call-Me-Cinder,No
G0079,https://orig00.deviantart.net/0f28/f/2016/230/4/9/g0079_by_pacadex-daefwvw.png,PuppyMintMocha,No
G0080,https://orig00.deviantart.net/2d0f/f/2016/230/e/f/g0080_by_pacadex-daefww0.png,Kiboku,No
G0081,https://orig00.deviantart.net/5ae2/f/2016/230/c/3/g0081_by_pacadex-daefww6.png,Seiokou,No
G0082,https://orig00.deviantart.net/1615/f/2016/230/0/f/g0082_by_pacadex-daefwwe.png,suburgatory,No
G0083,https://orig00.deviantart.net/aa3d/f/2016/242/6/b/g0083_by_pacadex-daf1ysb.png,sleepbud3,No
G0084,https://orig00.deviantart.net/99bd/f/2016/242/4/7/g0084_by_pacadex-daf1ys6.png,chartermark,No
G0085,https://orig00.deviantart.net/1fa0/f/2016/242/4/b/g0085_by_pacadex-daf1yrx.png,fluttershysocks,No
G0086,https://orig00.deviantart.net/8c0d/f/2016/242/c/a/g0086_by_pacadex-daf1yru.png,CloverCoin,No
G0087,https://orig00.deviantart.net/e3e6/f/2016/242/2/9/g0087_by_pacadex-dafxwbe.png,sosiqui,No
G0088,https://orig00.deviantart.net/9aa7/f/2016/242/7/a/g0088_by_pacadex-dafxw25.png,Bellona27,No
G0089,https://orig00.deviantart.net/d750/f/2016/242/8/7/g0089_by_pacadex-dafxw22.png,WolfenAkari,No
G0090,https://orig00.deviantart.net/cde1/f/2016/242/b/d/g0090_by_pacadex-dafxw1z.png,sosiqui,No
G0091,https://orig00.deviantart.net/cff2/f/2016/268/8/1/g0091_by_pacadex-daity53.jpg,Ruerie,No
G0092,https://orig00.deviantart.net/a603/f/2016/268/9/b/g0092_by_pacadex-daity4z.jpg,OkamiTammi,No
G0093,https://orig00.deviantart.net/2d9f/f/2016/268/1/3/g0093_by_pacadex-daity4t.png,Crystal-Tranquility,No
G0094,https://orig00.deviantart.net/4766/f/2016/268/6/5/g0094_by_pacadex-daity4o.jpg,Bellona27,No
G0095,https://orig00.deviantart.net/3d05/f/2016/268/c/3/g0095_by_pacadex-daity4h.png,MewMew151,No
G0096,https://orig00.deviantart.net/e07b/f/2016/268/3/4/g0096_by_pacadex-daity47.png,Nilwing,No
G0097,https://orig00.deviantart.net/9015/f/2016/268/c/2/g0097_by_pacadex-daity3z.png,Kuumone,No
G0098,https://orig00.deviantart.net/b351/f/2016/268/4/1/g0098_by_pacadex-daity3v.png,MintGlowu,No
G0099,https://orig00.deviantart.net/2f9c/f/2016/268/0/7/g0099_by_pacadex-daity3q.png,TheWyvernAndTheFox,No
G0100,https://orig00.deviantart.net/b115/f/2016/268/7/f/g0100_by_pacadex-daity3m.png,rosexknight,No
G0101,,,No
G0102,,,No
G0103,,,No
G0104,,,No
G0105,,,No
G0106,,,No
G0107,,,No
G0108,,,No
G0109,,,No
G0110,,,No
G0111,,,No
G0112,,,No
G0113,,,No
G0114,,,No
G0115,,,No
G0116,,,No
G0117,,,No
G0118,,,No
G0119,,,No
G0120,,,No
G0121,,,No
G0122,,,No
G0123,,,No
G0124,,,No
G0125,,,No
G0126,,,No
G0127,,,No
G0128,,,No
G0129,,,No
G0130,,,No
G0131,,,No
G0132,,,No
G0133,,,No
G0134,,,No
G0135,,,No
G0136,,,No
G0137,,,No
G0138,,,No
G0139,,,No
G0140,,,No
G0141,,,No
G0142,,,No
G0143,,,No
G0144,,,No
G0145,,,No
G0146,,,No
G0147,,,No
G0148,,,No
G0149,,,No
G0150,,,No
G0151,,,No
G0152,,,No
G0153,,,No
G0154,,,No
G0155,,,No
G0156,,,No
G0157,,,No
G0158,,,No
G0159,,,No
G0160,,,No
G0161,,,No
G0162,,,No
G0163,,,No
G0164,,,No
G0165,,,No
G0166,,,No
G0167,,,No
G0168,,,No
G0169,,,No
G0170,,,No
G0171,,,No
G0172,,,No
G0173,,,No
G0174,,,No
G0175,,,No
G0176,,,No
G0177,,,No
G0178,,,No
G0179,,,No
G0180,,,No
G0181,,,No
G0182,,,No
G0183,,,No
G0184,,,No
G0185,,,No
G0186,,,No
G0187,,,No
G0188,,,No
G0189,,,No
G0190,,,No
G0191,,,No
G0192,,,No
G0193,,,No
G0194,,,No
G0195,,,No
G0196,,,No
G0197,,,No
G0198,,,No
G0199,,,No
G0200,,,No
G0201,,,No
G0202,,,No
G0203,,,No
G0204,,,No
G0205,,,No
G0206,,,No
G0207,,,No
G0208,,,No
G0209,,,No
G0210,,,No
G0211,,,No
G0212,,,No
G0213,,,No
G0214,,,No
G0215,,,No
G0216,,,No
G0217,,,No
G0218,,,No
G0219,,,No
G0220,,,No
G0221,,,No
G0222,,,No
G0223,,,No
G0224,,,No
G0225,,,No
G0226,,,No
G0227,,,No
G0228,,,No
G0229,,,No
G0230,,,No
G0231,,,No
G0232,,,No
G0233,,,No
G0234,,,No
G0235,,,No
G0236,,,No
G0237,,,No
G0238,,,No
G0239,,,No
G0240,,,No
G0241,,,No
G0242,,,No
G0243,,,No
G0244,,,No
G0245,,,No
G0246,,,No
G0247,,,No
G0248,,,No
G0249,,,No
G0250,,,No
G0251,,,No
G0252,,,No
G0253,,,No
G0254,,,No
G0255,,,No
G0256,,,No
G0257,,,No
G0258,,,No
G0259,,,No
G0260,,,No
G0261,,,No
G0262,,,No
G0263,,,No
G0264,,,No
G0265,,,No
G0266,,,No
G0267,,,No
G0268,,,No
G0269,,,No
G0270,,,No
G0271,,,No
G0272,,,No
G0273,,,No
G0274,,,No
G0275,,,No
G0276,,,No
G0277,,,No
G0278,,,No
G0279,,,No
G0280,,,No
G0281,,,No
G0282,,,No
G0283,,,No
G0284,,,No
G0285,,,No
G0286,,,No
G0287,,,No
G0288,,,No
G0289,,,No
G0290,,,No
G0291,,,No
G0292,,,No
G0293,,,No
G0294,,,No
G0295,,,No
G0296,,,No
G0297,,,No
G0298,,,No
G0299,,,No
G0300,,,No
G0301,,,No
G0302,,,No
G0303,,,No
G0304,,,No
G0305,,,No
G0306,,,No
G0307,,,No
G0308,,,No
G0309,,,No
G0310,,,No
G0311,,,No
G0312,,,No
G0313,,,No
G0314,,,No
G0315,,,No
G0316,,,No
G0317,,,No
G0318,,,No
G0319,,,No
G0320,,,No
G0321,,,No
G0322,,,No
G0323,,,No
G0324,,,No
G0325,,,No
G0326,,,No
G0327,,,No
G0328,,,No
G0329,,,No
G0330,,,No
G0331,,,No
G0332,,,No
G0333,,,No
G0334,,,No
G0335,,,No
G0336,,,No
G0337,,,No
G0338,,,No
M0001,,,No
M0002,,,No
M0003,,,No
M0004,,,No
M0005,,,No
M0006,,,No
M0007,,,No
M0008,,,No
M0009,,,No
M0010,,,No
M0011,,,No
M0012,,,No
M0013,,,No
M0014,,,No
M0015,,,No
M0016,,,No
M0017,,,No
M0018,,,No
M0019,,,No
M0020,,,No
M0021,,,No
M0022,,,No
M0023,,,No
M0024,,,No
M0025,,,No
M0026,,,No
M0027,,,No
M0028,,,No
M0029,,,No
M0030,,,No
M0031,,,No
M0032,,,No
M0033,,,No
M0034,,,No
M0035,,,No
M0036,,,No
M0037,,,No
M0038,,,No
M0039,,,No
M0040,,,No
M0041,,,No
M0042,,,No
M0043,,,No
M0044,,,No
M0045,,,No
M0046,,,No
M0047,,,No
M0048,,,No
M0049,,,No
M0050,,,No
M0051,,,No
M0052,,,No
M0053,,,No
M0054,,,No
M0055,,,No
M0056,,,No
M0057,,,No
M0058,,,No
M0059,,,No
M0060,,,No
M0061,,,No
M0062,,,No
M0063,,,No
M0064,,,No
M0065,,,No
M0066,,,No
M0067,,,No
M0068,,,No
M0069,,,No
M0070,,,No
M0071,,,No
M0072,,,No
M0073,,,No
M0074,,,No
M0075,,,No
M0076,,,No
M0077,,,No
M0078,,,No
M0079,,,No
M0080,,,No
M0081,,,No
M0082,,,No
M0083,,,No
M0084,,,No
M0085,,,No
M0086,,,No
M0087,,,No
M0088,,,No
M0089,,,No
M0090,,,No
M0091,,,No
M0092,,,No
M0093,,,No
M0094,,,No
M0095,,,No
M0096,,,No
M0097,,,No
M0098,,,No
M0099,,,No
M0100,,,No
M0101,,,No
M0102,,,No
M0103,,,No
M0104,,,No
M0105,,,No
M0106,,,No
M0107,,,No
M0108,,,No
M0109,,,No
M0110,,,No
M0111,,,No
M0112,,,No
M0113,,,No
M0114,,,No
M0115,,,No
M0116,,,No
M0117,,,No
M0118,,,No
M0119,,,No
M0120,,,No
M0121,,,No
M0122,,,No
M0123,,,No
M0124,,,No
M0125,,,No
M0126,,,No
M0127,,,No
M0128,,,No
M0129,,,No
M0130,,,No
M0131,,,No
M0132,,,No
M0133,,,No
M0134,,,No
M0135,,,No
M0136,,,No
M0137,,,No
M0138,,,No
M0139,,,No
M0140,,,No
M0141,,,No
M0142,,,No
M0143,,,No
M0144,,,No
M0145,,,No
M0146,,,No
M0147,,,No
M0148,,,No
M0149,,,No
M0150,,,No
M0151,,,No
M0152,,,No
M0153,,,No
M0154,,,No
M0155,,,No
M0156,,,No
M0157,,,No
M0158,,,No
M0159,,,No
M0160,,,No
M0161,,,No
M0162,,,No
M0163,,,No
M0164,,,No
M0165,,,No
M0166,,,No
M0167,,,No
M0168,,,No
M0169,,,No
M0170,,,No
M0171,,,No
M0172,,,No
M0173,,,No
M0174,,,No
M0175,,,No
M0176,,,No
M0177,,,No
M0178,,,No
M0179,,,No
M0180,,,No
M0181,,,No
M0182,,,No
M0183,,,No
M0184,,,No
M0185,,,No
M0186,,,No
M0187,,,No
M0188,,,No
M0189,,,No
M0190,,,No
M0191,,,No
M0192,,,No
M0193,,,No
M0194,,,No
M0195,,,No
M0196,,,No
M0197,,,No
M0198,,,No
M0199,,,No
M0200,,,No
M0201,,,No
M0202,,,No
M0203,,,No
M0204,,,No
M0205,,,No
M0206,,,No
M0207,,,No
M0208,,,No
M0209,,,No
M0210,,,No
M0211,,,No
M0212,,,No
M0213,,,No
M0214,,,No
M0215,,,No
M0216,,,No
M0217,,,No
M0218,,,No
M0219,,,No
M0220,,,No
M0221,,,No
M0222,,,No
M0223,,,No
M0224,,,No
M0225,,,No
M0226,,,No
M0227,,,No
M0228,,,No
M0229,,,No
M0230,,,No
M0231,,,No
M0232,,,No
M0233,,,No
M0234,,,No
M0235,,,No
M0236,,,No
M0237,,,No
M0238,,,No
M0239,,,No
M0240,,,No
M0241,,,No
M0242,,,No
M0243,,,No
M0244,,,No
M0245,,,No
M0246,,,No
M0247,,,No
M0248,,,No
M0249,,,No
M0250,,,No
M0251,,,No
M0252,,,No
M0253,,,No
M0254,,,No
M0255,,,No
M0256,,,No
M0257,,,No
M0258,,,No
M0259,,,No
M0260,,,No
M0261,,,No
M0262,,,No
M0263,,,No
M0264,,,No
M0265,,,No
M0266,,,No
M0267,,,No
M0268,,,No
M0269,,,No
M0270,,,No
M0271,,,No
M0272,,,No
M0273,,,No
M0274,,,No
M0275,,,No
M0276,,,No
M0277,,,No
M0278,,,No
M0279,,,No
M0280,,,No
M0281,,,No
M0282,,,No
M0283,,,No
M0284,,,No
M0285,,,No
M0286,,,No
M0287,,,No
M0288,,,No
M0289,,,No
M0290,,,No
M0291,,,No
M0292,,,No
M0293,,,No
M0294,,,No
M0295,,,No
M0296,,,No
M0297,,,No
M0298,,,No
M0299,,,No
M0300,,,No
M0301,,,No
M0302,,,No
M0303,,,No
M0304,,,No
M0305,,,No
M0306,,,No
M0307,,,No
M0308,,,No
M0309,,,No
M0310,,,No
M0311,,,No
M0312,,,No
M0313,,,No
M0314,,,No
M0315,,,No
M0316,,,No
M0317,,,No
M0318,,,No
M0319,,,No
M0320,,,No
M0321,,,No
M0322,,,No
M0323,,,No
M0324,,,No
M0325,,,No
M0326,,,No
M0327,,,No
M0328,,,No
M0329,,,No
M0330,,,No
M0331,,,No
M0332,,,No
M0333,,,No
M0334,,,No
M0335,,,No
M0336,,,No
M0337,,,No
M0338,,,No
M0339,,,No
M0340,,,No
M0341,,,No
M0342,,,No
M0343,,,No
M0344,,,No
M0345,,,No
M0346,,,No
M0347,,,No
M0348,,,No
M0349,,,No
M0350,,,No
M0351,,,No
M0352,,,No
M0353,,,No
M0354,,,No
M0355,,,No
M0356,,,No
M0357,,,No
M0358,,,No
M0359,,,No
M0360,,,No
M0361,,,No
M0362,,,No
M0363,,,No
M0364,,,No
M0365,,,No
M0366,,,No
M0367,,,No
M0368,,,No
M0369,,,No
M0370,,,No
M0371,,,No
M0372,,,No
M0373,,,No
M0374,,,No
M0375,,,No
M0376,,,No
M0377,,,No
M0378,,,No
M0379,,,No
M0380,,,No
M0381,,,No
M0382,,,No
M0383,,,No
M0384,,,No
M0385,,,No
M0386,,,No
M0387,,,No
M0388,,,No
M0389,,,No
M0390,,,No
M0391,,,No
M0392,,,No
M0393,,,No
M0394,,,No
M0395,,,No
M0396,,,No
M0397,,,No
M0398,,,No
M0399,,,No
M0400,,,No
M0401,,,No
M0402,,,No
M0403,,,No
M0404,,,No
M0405,,,No
M0406,,,No
M0407,,,No
M0408,,,No
M0409,,,No
M0410,,,No
M0411,,,No
M0412,,,No
M0413,,,No
M0414,,,No
M0415,,,No
M0416,,,No
M0417,,,No
M0418,,,No
M0419,,,No
M0420,,,No
M0421,,,No
M0422,,,No
M0423,,,No
M0424,,,No
M0425,,,No
M0426,,,No
M0427,,,No
M0428,,,No
M0429,,,No
M0430,,,No
M0431,,,No
M0432,,,No
M0433,,,No
M0434,,,No
M0435,,,No
M0436,,,No
M0437,,,No
M0438,,,No
M0439,,,No
M0440,,,No
M0441,,,No
M0442,,,No
M0443,,,No
M0444,,,No
M0445,,,No
M0446,,,No
M0447,,,No
M0448,,,No
M0449,,,No
M0450,,,No
M0451,,,No
M0452,,,No
M0453,,,No
M0454,,,No
M0455,,,No
M0456,,,No
M0457,,,No
M0458,,,No
M0459,,,No
M0460,,,No
M0461,,,No
M0462,,,No
M0463,,,No
M0464,,,No
M0465,,,No
M0466,,,No
M0467,,,No
M0468,,,No
M0469,,,No
M0470,,,No
M0471,,,No
M0472,,,No
M0473,,,No
M0474,,,No
M0475,,,No
M0476,,,No
M0477,,,No
M0478,,,No
M0479,,,No
M0480,,,No
M0481,,,No
M0482,,,No
M0483,,,No
M0484,,,No
M0485,,,No
M0486,,,No
M0487,,,No
M0488,,,No
M0489,,,No
M0490,,,No
M0491,,,No
M0492,,,No
M0493,,,No
M0494,,,No
M0495,,,No
M0496,,,No
M0497,,,No
M0498,,,No
M0499,,,No
M0500,,,No
M0501,,,No
M0502,,,No
M0503,,,No
M0504,,,No
M0505,,,No
M0506,,,No
M0507,,,No
M0508,,,No
M0509,,,No
M0510,,,No
M0511,,,No
M0512,,,No
M0513,,,No
M0514,,,No
M0515,,,No
M0516,,,No
M0517,,,No
M0518,,,No
M0519,,,No
M0520,,,No
M0521,,,No
M0522,,,No
M0523,,,No
M0524,,,No
M0525,,,No
M0526,,,No
M0527,,,No
M0528,,,No
M0529,,,No
M0530,,,No
M0531,,,No
M0532,,,No
M0533,,,No
M0534,,,No
M0535,,,No
M0536,,,No
M0537,,,No
M0538,,,No
M0539,,,No
M0540,,,No
M0541,,,No
M0542,,,No
M0543,,,No
M0544,,,No
M0545,,,No
M0546,,,No
M0547,,,No
M0548,,,No
M0549,,,No
M0550,,,No
M0551,,,No
M0552,,,No
M0553,,,No
M0554,,,No
M0555,,,No
M0556,,,No
M0557,,,No
M0558,,,No
M0559,,,No
M0560,,,No
M0561,,,No
M0562,,,No
M0563,,,No
M0564,,,No
M0565,,,No
M0566,,,No
M0567,,,No
M0568,,,No
M0569,,,No
M0570,,,No
M0571,,,No
M0572,,,No
M0573,,,No
M0574,,,No
M0575,,,No
M0576,,,No
M0577,,,No
M0578,,,No
M0579,,,No
M0580,,,No
M0581,,,No
M0582,,,No
M0583,,,No
M0584,,,No
M0585,,,No
M0586,,,No
M0587,,,No
M0588,,,No
M0589,,,No
M0590,,,No
M0591,,,No
M0592,,,No
M0593,,,No
M0594,,,No
M0595,,,No
M0596,,,No
M0597,,,No
M0598,,,No
M0599,,,No
M0600,,,No
M0601,,,No
M0602,,,No
M0603,,,No
M0604,,,No
M0605,,,No
M0606,,,No
M0607,,,No
M0608,,,No
M0609,,,No
M0610,,,No
M0611,,,No
M0612,,,No
M0613,,,No
M0614,,,No
M0615,,,No
M0616,,,No
M0617,,,No
M0618,,,No
M0619,,,No
M0620,,,No
M0621,,,No
M0622,,,No
M0623,,,No
M0624,,,No
M0625,,,No
M0626,,,No
M0627,,,No
M0628,,,No
M0629,,,No
M0630,,,No
M0631,,,No
M0632,,,No
M0633,,,No
M0634,,,No
M0635,,,No
M0636,,,No
M0637,,,No
M0638,,,No
M0639,,,No
M0640,,,No
M0641,,,No
M0642,,,No
M0643,,,No
M0644,,,No
M0645,,,No
M0646,,,No
M0647,,,No
M0648,,,No
M0649,,,No
M0650,,,No
M0651,,,No
M0652,,,No
M0653,,,No
M0654,,,No
M0655,,,No
M0656,,,No
M0657,,,No
M0658,,,No
M0659,,,No
M0660,,,No
M0661,,,No
M0662,,,No
M0663,,,No
M0664,,,No
M0665,,,No
M0666,,,No
M0667,,,No
M0668,,,No
M0669,,,No
M0670,,,No
M0671,,,No
M0672,,,No
M0673,,,No
M0674,,,No
M0675,,,No
M0676,,,No
M0677,,,No
M0678,,,No
M0679,,,No
M0680,,,No
M0681,,,No
M0682,,,No
M0683,,,No
M0684,,,No
M0685,,,No
M0686,,,No
M0687,,,No
M0688,,,No
M0689,,,No
M0690,,,No
M0691,,,No
M0692,,,No
M0693,,,No
M0694,,,No
M0695,,,No
M0696,,,No
M0697,,,No
M0698,,,No
M0699,,,No
M0700,,,No
M0701,,,No
M0702,,,No
M0703,,,No
M0704,,,No
M0705,,,No
M0706,,,No
M0707,,,No
M0708,,,No
M0709,,,No
M0710,,,No
M0711,,,No
M0712,,,No
M0713,,,No
M0714,,,No
M0715,,,No
M0716,,,No
M0717,,,No
M0718,,,No
M0719,,,No
M0720,,,No
M0721,,,No
M0722,,,No
M0723,,,No
M0724,,,No
M0725,,,No
M0726,,,No
M0727,,,No
M0728,,,No
M0729,,,No
M0730,,,No
M0731,,,No
M0732,,,No
M0733,,,No
M0734,,,No
M0735,,,No
M0736,,,No
M0737,,,No
M0738,,,No
M0739,,,No
M0740,,,No
M0741,,,No
M0742,,,No
M0743,,,No
M0744,,,No
M0745,,,No
M0746,,,No
M0747,,,No
M0748,,,No
M0749,,,No
M0750,,,No
M0751,,,No
M0752,,,No
M0753,,,No
M0754,,,No
M0755,,,No
M0756,,,No
M0757,,,No
M0758,,,No
M0759,,,No
M0760,,,No
M0761,,,No
M0762,,,No
M0763,,,No
M0764,,,No
M0765,,,No
M0766,,,No
M0767,,,No
M0768,,,No
M0769,,,No
M0770,,,No
M0771,,,No
M0772,,,No
